Length,True K,Total Reads,Replicate,Method,CPUs,Best K,Preprocessing Time (s),Clustering Time (s),Preprocessing Time (minutes),Clustering Time (minutes),Total Runtime (minutes)
280,2,200000,0,SEISMIC,1,2,115.95,609.52,1.9325,10.158666666666667,12.091166666666666
280,2,200000,0,DANCE,1,2,369.51,4027.15,6.1585,67.11916666666667,73.27766666666668
280,2,200000,0,DRACO,1,2,684.39,1230.3,11.4065,20.505,31.911499999999997
280,2,200000,0,DREEM,1,2,250.44694149017414,14744.923058509827,4.1741156915029025,245.74871764183044,249.92283333333333
280,2,200000,1,SEISMIC,1,2,109.22,1070.42,1.8203333333333334,17.840333333333334,19.660666666666668
280,2,200000,1,DANCE,1,2,420.61,4092.41,7.010166666666667,68.20683333333334,75.217
280,2,200000,1,DRACO,1,2,683.11,922.0,11.385166666666667,15.366666666666667,26.751833333333334
280,2,200000,1,DREEM,1,2,342.03885971069394,16110.571140289307,5.700647661844899,268.50951900482175,274.2101666666667
280,2,200000,10,SEISMIC,1,2,119.77,1361.48,1.9961666666666666,22.691333333333333,24.6875
280,2,200000,10,DANCE,1,2,392.53,6842.06,6.542166666666666,114.03433333333334,120.5765
280,2,200000,10,DREEM,1,2,239.62904629707373,10571.220953702927,3.993817438284562,176.18701589504877,180.18083333333334
280,2,200000,11,SEISMIC,1,2,106.46999999999998,498.42,1.7744999999999997,8.307,10.0815
280,2,200000,11,DANCE,1,2,432.74,4518.82,7.2123333333333335,75.31366666666666,82.526
280,2,200000,11,DRACO,1,2,725.4699999999999,1699.97,12.091166666666664,28.332833333333333,40.424
280,2,200000,11,DREEM,1,2,221.43707100868232,15323.232928991318,3.6906178501447053,255.38721548318864,259.07783333333333
280,2,200000,12,SEISMIC,1,2,108.49000000000001,653.32,1.808166666666667,10.888666666666667,12.696833333333334
280,2,200000,12,DANCE,1,2,434.38,4293.36,7.2396666666666665,71.556,78.79566666666666
280,2,200000,12,DREEM,1,2,222.8295024776453,14610.060497522354,3.713825041294088,243.50100829203924,247.21483333333333
280,2,200000,13,SEISMIC,1,2,106.08000000000001,443.89,1.7680000000000002,7.398166666666667,9.166166666666667
280,2,200000,13,DANCE,1,2,431.11,4348.9,7.1851666666666665,72.48166666666665,79.66683333333332
280,2,200000,13,DREEM,1,2,229.99950734138474,18167.160492658615,3.8333251223564124,302.78600821097695,306.6193333333334
280,2,200000,14,SEISMIC,1,2,106.11999999999999,415.58,1.7686666666666666,6.926333333333333,8.695
280,2,200000,14,DANCE,1,2,420.88,4305.83,7.014666666666667,71.76383333333334,78.77850000000001
280,2,200000,14,DRACO,1,2,700.7099999999999,1291.1599999999999,11.678499999999998,21.519333333333332,33.19783333333333
280,2,200000,14,DREEM,1,2,348.7444339466092,20295.82556605339,5.812407232443487,338.2637594342232,344.07616666666667
280,2,200000,15,SEISMIC,1,2,109.13000000000001,398.3,1.8188333333333335,6.638333333333334,8.457166666666668
280,2,200000,15,DANCE,1,2,402.78,4101.84,6.712999999999999,68.364,75.077
280,2,200000,15,DREEM,1,2,329.0345201873788,15562.755479812622,5.483908669789646,259.379257996877,264.86316666666664
280,2,200000,16,SEISMIC,1,2,109.49000000000001,396.86,1.8248333333333335,6.614333333333334,8.439166666666667
280,2,200000,16,DANCE,1,2,364.54,3730.83,6.075666666666667,62.1805,68.25616666666667
280,2,200000,16,DRACO,1,2,676.71,982.48,11.278500000000001,16.374666666666666,27.653166666666667
280,2,200000,16,DREEM,1,2,332.4003943157186,16670.71960568428,5.540006571928643,277.8453267614047,283.38533333333334
280,2,200000,17,SEISMIC,1,2,114.61999999999999,401.86,1.9103333333333332,6.697666666666667,8.608
280,2,200000,17,DANCE,1,2,442.07,3072.03,7.3678333333333335,51.200500000000005,58.56833333333334
280,2,200000,17,DREEM,1,2,243.61276770591576,21576.647232294083,4.060212795098596,359.6107872049014,363.671
280,2,200000,18,SEISMIC,1,2,109.4,1039.25,1.8233333333333335,17.320833333333333,19.144166666666667
280,2,200000,18,DANCE,1,2,377.48,3077.89,6.291333333333333,51.29816666666667,57.5895
280,2,200000,18,DREEM,1,2,335.1446811294554,18416.015318870544,5.585744685490924,306.9335886478424,312.5193333333333
280,2,200000,19,SEISMIC,1,2,107.95,475.42,1.7991666666666668,7.923666666666667,9.722833333333334
280,2,200000,19,DANCE,1,2,350.2,3330.97,5.836666666666667,55.51616666666666,61.35283333333333
280,2,200000,19,DRACO,1,2,655.1800000000001,771.8599999999999,10.919666666666668,12.864333333333331,23.784
280,2,200000,19,DREEM,1,2,329.1644794654858,16358.055520534515,5.486074657758096,272.63425867557527,278.12033333333335
280,2,200000,2,SEISMIC,1,2,117.87,422.01,1.9645000000000001,7.0335,8.998000000000001
280,2,200000,2,DANCE,1,2,412.94,3204.96,6.882333333333333,53.416000000000004,60.29833333333334
280,2,200000,2,DREEM,1,2,243.0472009468067,20998.982799053192,4.050786682446779,349.98304665088654,354.0338333333333
280,2,200000,20,SEISMIC,1,2,109.42,573.59,1.8236666666666668,9.559833333333334,11.3835
280,2,200000,20,DANCE,1,2,391.76,3665.65,6.529333333333333,61.094166666666666,67.62349999999999
280,2,200000,20,DRACO,1,2,687.38,1391.1,11.456333333333333,23.185,34.641333333333336
280,2,200000,20,DREEM,1,2,340.6320613288881,21311.207938671112,5.677201022148135,355.1867989778519,360.86400000000003
280,2,200000,21,SEISMIC,1,2,110.45999999999998,533.1,1.8409999999999997,8.885,10.725999999999999
280,2,200000,21,DANCE,1,2,423.91,4519.31,7.065166666666667,75.32183333333334,82.38700000000001
280,2,200000,21,DREEM,1,2,348.8845428276072,18696.745457172394,5.81474238046012,311.6124242862066,317.4271666666667
280,2,200000,22,SEISMIC,1,2,110.41000000000001,754.53,1.840166666666667,12.5755,14.415666666666667
280,2,200000,22,DANCE,1,2,410.39,4156.04,6.839833333333333,69.26733333333333,76.10716666666666
280,2,200000,22,DREEM,1,2,243.29650851249608,20352.913491487503,4.054941808541601,339.21522485812505,343.2701666666667
280,2,200000,23,SEISMIC,1,2,111.85,411.71,1.8641666666666665,6.861833333333333,8.725999999999999
280,2,200000,23,DANCE,1,2,384.49,3915.51,6.408166666666667,65.2585,71.66666666666667
280,2,200000,23,DRACO,1,2,670.14,784.1500000000001,11.169,13.069166666666668,24.238166666666668
280,2,200000,23,DREEM,1,2,341.86078805923535,15261.589211940765,5.697679800987256,254.35982019901274,260.0575
280,2,200000,24,SEISMIC,1,2,116.35000000000001,532.54,1.9391666666666667,8.875666666666666,10.814833333333333
280,2,200000,24,DANCE,1,2,419.72,3211.7,6.995333333333334,53.52833333333333,60.523666666666664
280,2,200000,24,DREEM,1,2,346.92304575920207,25465.4569542408,5.782050762653368,424.42428257067996,430.2063333333333
280,2,200000,25,SEISMIC,1,2,111.56,423.43,1.8593333333333333,7.057166666666666,8.9165
280,2,200000,25,DANCE,1,2,383.31,3365.74,6.3885,56.095666666666666,62.48416666666667
280,2,200000,25,DREEM,1,2,338.80648859977737,18213.783511400223,5.646774809996289,303.563058523337,309.20983333333334
280,2,200000,26,SEISMIC,1,2,115.03999999999999,1059.47,1.9173333333333331,17.657833333333333,19.575166666666664
280,2,200000,26,DANCE,1,2,422.4,3485.87,7.04,58.097833333333334,65.13783333333333
280,2,200000,26,DREEM,1,2,349.526358175277,22974.273641824722,5.825439302921283,382.9045606970787,388.72999999999996
280,2,200000,27,SEISMIC,1,2,111.65,566.96,1.8608333333333333,9.449333333333334,11.310166666666667
280,2,200000,27,DANCE,1,2,353.57,3792.68,5.892833333333333,63.21133333333333,69.10416666666666
280,2,200000,27,DRACO,1,2,678.9200000000001,866.63,11.315333333333335,14.443833333333334,25.75916666666667
280,2,200000,27,DREEM,1,2,335.42805332183707,18792.01194667816,5.590467555363952,313.2001991113027,318.79066666666665
280,2,200000,28,SEISMIC,1,2,116.94,418.44,1.949,6.974,8.923
280,2,200000,28,DANCE,1,2,427.96,3830.96,7.132666666666666,63.849333333333334,70.982
280,2,200000,28,DRACO,1,2,717.1800000000001,1967.25,11.953000000000001,32.7875,44.740500000000004
280,2,200000,28,DREEM,1,2,243.07581816673337,25560.034181833267,4.051263636112223,426.0005696972211,430.0518333333333
280,2,200000,29,SEISMIC,1,2,117.92999999999999,435.96,1.9654999999999998,7.266,9.2315
280,2,200000,29,DANCE,1,2,901.98,4297.97,15.033,71.63283333333334,86.66583333333334
280,2,200000,29,DRACO,1,2,726.44,1561.1999999999998,12.107333333333335,26.019999999999996,38.12733333333333
280,2,200000,29,DREEM,1,2,242.8604640769954,20694.369535923004,4.047674401283257,344.90615893205006,348.9538333333333
280,2,200000,3,SEISMIC,1,2,114.86,1080.49,1.9143333333333332,18.008166666666668,19.9225
280,2,200000,3,DANCE,1,2,405.62,3140.96,6.7603333333333335,52.349333333333334,59.10966666666667
280,2,200000,3,DREEM,1,2,245.39244063377555,21506.187559366226,4.089874010562926,358.4364593227704,362.52633333333335
280,2,200000,30,SEISMIC,1,2,111.73000000000002,756.29,1.862166666666667,12.604833333333334,14.467
280,2,200000,30,DANCE,1,2,381.39,3345.91,6.3565,55.765166666666666,62.12166666666666
280,2,200000,30,DREEM,1,2,339.7827622508994,18672.6772377491,5.66304603751499,311.21128729581835,316.87433333333337
280,2,200000,31,SEISMIC,1,2,117.3,442.06,1.9549999999999998,7.367666666666667,9.322666666666667
280,2,200000,31,DANCE,1,2,436.33,4719.27,7.272166666666666,78.65450000000001,85.92666666666668
280,2,200000,31,DREEM,1,2,353.25356403350816,24624.40643596649,5.8875594005584695,410.40677393277485,416.2943333333333
280,2,200000,32,SEISMIC,1,2,113.49,435.62,1.8915,7.2603333333333335,9.151833333333334
280,2,200000,32,DANCE,1,2,378.73,4240.91,6.312166666666667,70.68183333333333,76.994
280,2,200000,32,DRACO,1,2,660.5500000000001,1596.12,11.009166666666667,26.601999999999997,37.61116666666666
280,2,200000,32,DREEM,1,2,340.30570204734977,21193.524297952652,5.671761700789163,353.22540496587754,358.8971666666667
280,2,200000,33,SEISMIC,1,2,114.65,444.46,1.9108333333333334,7.407666666666667,9.3185
280,2,200000,33,DANCE,1,2,391.28,4505.53,6.521333333333333,75.09216666666666,81.61349999999999
280,2,200000,33,DREEM,1,2,333.4765383529666,17182.703461647034,5.557942305882777,286.37839102745056,291.9363333333333
280,2,200000,34,SEISMIC,1,2,111.34,1139.98,1.8556666666666668,18.999666666666666,20.855333333333334
280,2,200000,34,DANCE,1,2,396.26,3708.38,6.604333333333333,61.806333333333335,68.41066666666667
280,2,200000,34,DREEM,1,2,343.77899331092704,24897.91100668907,5.729649888515451,414.96518344481785,420.6948333333333
280,2,200000,35,SEISMIC,1,2,111.26000000000002,385.56,1.8543333333333336,6.426,8.280333333333333
280,2,200000,35,DRACO,1,2,699.2,969.27,11.653333333333334,16.1545,27.807833333333335
280,2,200000,35,DREEM,1,2,346.44504588127165,20550.73495411873,5.774084098021194,342.51224923531214,348.28633333333335
280,2,200000,36,SEISMIC,1,2,113.1,1154.23,1.885,19.237166666666667,21.12216666666667
280,2,200000,36,DANCE,1,2,362.93,3851.82,6.0488333333333335,64.197,70.24583333333334
280,2,200000,36,DRACO,1,2,662.12,1385.04,11.035333333333334,23.084,34.11933333333333
280,2,200000,36,DREEM,1,2,342.12076687812805,17661.879233121872,5.702012781302134,294.36465388536453,300.06666666666666
280,2,200000,37,SEISMIC,1,2,117.02000000000001,437.92,1.9503333333333335,7.298666666666667,9.249
280,2,200000,37,DANCE,1,2,462.5,3473.26,7.708333333333333,57.88766666666667,65.596
280,2,200000,37,DRACO,1,2,727.6,2002.06,12.126666666666667,33.367666666666665,45.49433333333333
280,2,200000,37,DREEM,1,2,244.3198435783379,23233.23015642166,4.071997392972298,387.2205026070277,391.2925
280,2,200000,38,SEISMIC,1,2,111.04999999999998,397.35,1.850833333333333,6.6225000000000005,8.473333333333333
280,2,200000,38,DANCE,1,2,373.99,3355.26,6.2331666666666665,55.92100000000001,62.154166666666676
280,2,200000,38,DRACO,1,2,676.64,948.16,11.277333333333333,15.802666666666665,27.08
280,2,200000,38,DREEM,1,2,340.58381822585943,18818.44618177414,5.67639697043099,313.6407696962357,319.31716666666665
280,2,200000,39,SEISMIC,1,2,116.51999999999998,808.03,1.9419999999999997,13.467166666666666,15.409166666666666
280,2,200000,39,DANCE,1,2,407.23,4158.02,6.787166666666667,69.30033333333334,76.0875
280,2,200000,39,DREEM,1,2,243.02562582969767,24492.354374170303,4.050427097161628,408.2059062361717,412.2563333333333
280,2,200000,4,SEISMIC,1,2,103.42,394.4,1.7236666666666667,6.573333333333333,8.297
280,2,200000,4,DANCE,1,2,390.66,4175.6,6.511,69.59333333333333,76.10433333333333
280,2,200000,4,DRACO,1,2,677.87,596.72,11.297833333333333,9.945333333333334,21.243166666666667
280,2,200000,4,DREEM,1,2,343.7043391418447,19923.165660858154,5.728405652364078,332.0527610143026,337.78116666666665
280,2,200000,40,SEISMIC,1,2,114.81,416.7,1.9135,6.944999999999999,8.8585
280,2,200000,40,DANCE,1,2,371.04,5598.07,6.184,93.30116666666666,99.48516666666666
280,2,200000,40,DREEM,1,2,328.8215403938302,17747.21845960617,5.480359006563837,295.7869743267695,301.26733333333334
280,2,200000,41,SEISMIC,1,2,111.06,567.21,1.851,9.4535,11.3045
280,2,200000,41,DANCE,1,2,425.79,3947.81,7.096500000000001,65.79683333333334,72.89333333333335
280,2,200000,41,DREEM,1,2,339.3143676280961,18801.035632371902,5.655239460468268,313.35059387286503,319.0058333333333
280,2,200000,42,SEISMIC,1,2,111.22,1103.1,1.8536666666666666,18.384999999999998,20.238666666666663
280,2,200000,42,DANCE,1,2,397.62,3918.81,6.627,65.3135,71.9405
280,2,200000,42,DREEM,1,2,336.85201974868687,17433.857980251312,5.614200329144781,290.5642996708552,296.1785
280,2,200000,43,SEISMIC,1,2,111.47,414.9,1.8578333333333332,6.915,8.772833333333333
280,2,200000,43,DANCE,1,2,401.15,4192.89,6.685833333333333,69.8815,76.56733333333334
280,2,200000,43,DREEM,1,2,340.7352170276645,24630.444782972336,5.678920283794408,410.5074130495389,416.1863333333333
280,2,200000,44,SEISMIC,1,2,111.22,679.79,1.8536666666666666,11.329833333333333,13.1835
280,2,200000,44,DANCE,1,2,403.17,2948.96,6.7195,49.14933333333333,55.86883333333333
280,2,200000,44,DREEM,1,2,332.7193670177476,19239.520632982254,5.545322783629127,320.6586772163709,326.204
280,2,200000,45,SEISMIC,1,2,115.25999999999999,1035.34,1.9209999999999998,17.255666666666666,19.176666666666666
280,2,200000,45,DANCE,1,2,396.62,3942.0,6.610333333333333,65.7,72.31033333333333
280,2,200000,45,DREEM,1,2,242.66255560874924,20260.49744439125,4.044375926812488,337.67495740652083,341.71933333333334
280,2,200000,46,SEISMIC,1,2,110.44,491.1,1.8406666666666667,8.185,10.025666666666668
280,2,200000,46,DANCE,1,2,427.25,3382.99,7.120833333333334,56.38316666666666,63.50399999999999
280,2,200000,46,DREEM,1,2,340.25304525375395,22716.926954746246,5.670884087562566,378.6154492457708,384.28633333333335
280,2,200000,47,SEISMIC,1,2,123.30000000000001,520.21,2.055,8.670166666666667,10.725166666666667
280,2,200000,47,DANCE,1,2,427.2,4468.55,7.12,74.47583333333334,81.59583333333335
280,2,200000,47,DREEM,1,2,332.81015655517695,23936.659843444824,5.5468359425862825,398.94433072408043,404.4911666666667
280,2,200000,48,SEISMIC,1,2,119.94,784.03,1.9989999999999999,13.067166666666667,15.066166666666668
280,2,200000,48,DANCE,1,2,415.06,3895.47,6.917666666666666,64.9245,71.84216666666666
280,2,200000,48,DREEM,1,2,354.8409892272939,25463.529010772705,5.9140164871215655,424.39215017954507,430.3061666666666
280,2,200000,49,SEISMIC,1,2,104.47999999999999,401.55,1.7413333333333332,6.6925,8.433833333333332
280,2,200000,49,DANCE,1,2,369.34,4172.16,6.155666666666666,69.536,75.69166666666666
280,2,200000,49,DRACO,1,2,684.77,1278.97,11.412833333333333,21.316166666666668,32.729
280,2,200000,49,DREEM,1,2,350.99346888542277,21175.13653111458,5.8498911480903795,352.918942185243,358.76883333333336
280,2,200000,5,SEISMIC,1,2,108.91,1092.49,1.8151666666666666,18.208166666666667,20.023333333333333
280,2,200000,5,DANCE,1,2,464.6,3752.95,7.743333333333334,62.549166666666665,70.2925
280,2,200000,5,DREEM,1,2,242.62496220588582,20486.495037794113,4.043749370098097,341.44158396323525,345.48533333333336
280,2,200000,50,SEISMIC,1,2,103.52999999999999,401.06,1.7254999999999998,6.684333333333333,8.409833333333333
280,2,200000,50,DANCE,1,2,388.13,3076.01,6.468833333333333,51.26683333333334,57.735666666666674
280,2,200000,50,DRACO,1,2,682.99,920.82,11.383166666666666,15.347000000000001,26.73016666666667
280,2,200000,50,DREEM,1,2,344.57868879318266,19773.101311206818,5.742978146553044,329.5516885201136,335.29466666666667
280,2,200000,51,SEISMIC,1,2,105.75999999999999,460.88,1.7626666666666666,7.681333333333333,9.443999999999999
280,2,200000,51,DANCE,1,2,427.26,2968.62,7.1209999999999996,49.477,56.598
280,2,200000,51,DREEM,1,2,351.1545030212401,21488.50549697876,5.852575050354002,358.1417582829793,363.9943333333333
280,2,200000,52,SEISMIC,1,2,104.0,746.65,1.7333333333333334,12.444166666666666,14.177499999999998
280,2,200000,52,DANCE,1,2,395.63,3641.52,6.593833333333333,60.692,67.28583333333333
280,2,200000,52,DRACO,1,2,703.52,1155.34,11.725333333333333,19.255666666666666,30.981
280,2,200000,52,DREEM,1,2,346.36541164398295,20867.514588356018,5.7727568607330495,347.79190980593364,353.5646666666667
280,2,200000,53,SEISMIC,1,2,101.93,426.31,1.6988333333333334,7.105166666666666,8.804
280,2,200000,53,DANCE,1,2,391.24,4993.66,6.520666666666667,83.22766666666666,89.74833333333333
280,2,200000,53,DREEM,1,2,337.77452729225115,20711.95547270775,5.629575454870852,345.19925787846245,350.8288333333333
280,2,200000,54,SEISMIC,1,2,101.82000000000002,478.54,1.6970000000000003,7.975666666666667,9.672666666666668
280,2,200000,54,DANCE,1,2,374.62,4867.99,6.243666666666667,81.13316666666667,87.37683333333334
280,2,200000,54,DRACO,1,2,677.77,1051.98,11.296166666666666,17.533,28.829166666666666
280,2,200000,54,DREEM,1,2,337.7843125152576,16191.745687484741,5.62973854192096,269.8624281247457,275.49216666666666
280,2,200000,55,SEISMIC,1,2,106.46000000000001,960.36,1.7743333333333335,16.006,17.780333333333335
280,2,200000,55,DANCE,1,2,387.97,3657.18,6.466166666666667,60.952999999999996,67.41916666666667
280,2,200000,55,DRACO,1,2,706.38,1123.2399999999998,11.773,18.720666666666663,30.493666666666662
280,2,200000,55,DREEM,1,2,329.86455679893334,20667.395443201065,5.497742613315555,344.45659072001774,349.9543333333333
280,2,200000,56,SEISMIC,1,2,106.12,418.75,1.7686666666666668,6.979166666666667,8.747833333333334
280,2,200000,56,DANCE,1,2,378.08,3349.55,6.301333333333333,55.825833333333335,62.12716666666667
280,2,200000,56,DREEM,1,2,337.54064760207984,18552.05935239792,5.625677460034664,309.20098920663196,314.8266666666666
280,2,200000,57,SEISMIC,1,2,105.4,635.63,1.7566666666666668,10.593833333333333,12.3505
280,2,200000,57,DANCE,1,2,362.66,3029.6,6.044333333333333,50.49333333333333,56.53766666666667
280,2,200000,57,DREEM,1,2,333.35930940627986,16023.11069059372,5.555988490104665,267.05184484322865,272.6078333333333
280,2,200000,58,SEISMIC,1,2,108.21,418.73,1.8034999999999999,6.978833333333333,8.782333333333334
280,2,200000,58,DANCE,1,2,396.88,3788.74,6.6146666666666665,63.14566666666666,69.76033333333334
280,2,200000,58,DREEM,1,2,342.7355380249028,18407.534461975098,5.712258967081713,306.7922410329183,312.5045
280,2,200000,59,SEISMIC,1,2,105.42,446.23,1.7570000000000001,7.437166666666667,9.194166666666668
280,2,200000,59,DANCE,1,2,411.55,3788.04,6.859166666666667,63.134,69.99316666666667
280,2,200000,59,DREEM,1,2,328.09198186874346,18694.638018131256,5.468199697812391,311.5773003021876,317.0455
280,2,200000,6,SEISMIC,1,2,98.82999999999998,391.06,1.6471666666666664,6.517666666666667,8.164833333333334
280,2,200000,6,DANCE,1,2,396.79,4556.82,6.613166666666667,75.94699999999999,82.56016666666666
280,2,200000,6,DRACO,1,2,679.9,1159.51,11.331666666666667,19.325166666666668,30.656833333333335
280,2,200000,6,DREEM,1,2,344.1932795238499,18924.82672047615,5.7365546587308325,315.4137786746025,321.1503333333333
280,2,200000,7,SEISMIC,1,2,98.82000000000001,788.73,1.647,13.1455,14.7925
280,2,200000,7,DANCE,1,2,403.36,3240.61,6.722666666666667,54.01016666666667,60.73283333333334
280,2,200000,7,DRACO,1,2,688.03,1692.8300000000002,11.467166666666666,28.213833333333337,39.681000000000004
280,2,200000,7,DREEM,1,2,339.3102400970456,24359.509759902954,5.655170668284094,405.9918293317159,411.647
280,2,200000,8,SEISMIC,1,2,99.75,414.04,1.6625,6.900666666666667,8.563166666666667
280,2,200000,8,DANCE,1,2,359.73,4933.44,5.995500000000001,82.22399999999999,88.2195
280,2,200000,8,DREEM,1,2,331.8154442787163,17930.734555721283,5.530257404645272,298.84557592868805,304.37583333333333
280,2,200000,9,SEISMIC,1,2,173.17,1310.56,2.8861666666666665,21.842666666666666,24.728833333333334
280,2,200000,9,DANCE,1,2,403.76,3777.59,6.729333333333333,62.959833333333336,69.68916666666667
280,2,200000,9,DRACO,1,2,678.54,1050.0600000000002,11.309,17.501,28.810000000000002
280,2,200000,9,DREEM,1,2,355.23319795608404,21933.296802043915,5.920553299268067,365.55494670073193,371.4755
280,4,200000,0,SEISMIC,1,4,101.87,800.37,1.6978333333333333,13.3395,15.037333333333333
280,4,200000,0,DANCE,1,4,791.27,8043.04,13.187833333333334,134.05066666666667,147.23850000000002
280,4,200000,0,DREEM,1,4,355.3648725223611,70910.95512747765,5.922747875372685,1181.8492521246274,1187.772
280,4,200000,1,SEISMIC,1,4,100.08,817.16,1.668,13.619333333333334,15.287333333333333
280,4,200000,1,DANCE,1,4,419.66,4617.98,6.9943333333333335,76.96633333333332,83.96066666666665
280,4,200000,1,DRACO,1,4,695.24,25775.190000000002,11.587333333333333,429.58650000000006,441.1738333333334
280,4,200000,1,DREEM,1,4,329.2530187702214,75513.15698122978,5.4875503128370235,1258.5526163538298,1264.040166666667
280,4,200000,10,SEISMIC,1,4,98.02,1062.8,1.6336666666666666,17.71333333333333,19.346999999999998
280,4,200000,10,DRACO,1,4,646.93,12547.509999999998,10.782166666666665,209.12516666666664,219.9073333333333
280,4,200000,11,DANCE,1,4,647.57,6554.85,10.792833333333334,109.2475,120.04033333333334
280,4,200000,12,SEISMIC,1,4,104.7,746.8,1.745,12.446666666666665,14.191666666666666
280,4,200000,12,DANCE,1,4,384.08,4756.96,6.401333333333333,79.28266666666667,85.684
280,4,200000,12,DRACO,1,4,724.72,23488.74,12.078666666666667,391.47900000000004,403.5576666666667
280,4,200000,12,DREEM,1,4,347.00989367485454,90366.51010632515,5.783498227914242,1506.108501772086,1511.892
280,4,200000,13,SEISMIC,1,4,96.83000000000001,934.74,1.6138333333333335,15.579,17.192833333333333
280,4,200000,13,DANCE,1,4,400.0,5860.38,6.666666666666667,97.673,104.33966666666667
280,4,200000,13,DREEM,1,4,330.2351720714578,64992.80482792854,5.503919534524297,1083.2134137988091,1088.7173333333335
280,4,200000,14,SEISMIC,1,4,98.31,868.84,1.6385,14.480666666666668,16.11916666666667
280,4,200000,14,DANCE,1,4,398.75,4617.49,6.645833333333333,76.95816666666666,83.60399999999998
280,4,200000,14,DREEM,1,4,347.2720742320962,75623.7379257679,5.78786790386827,1260.3956320961317,1266.1835
280,4,200000,15,SEISMIC,1,4,102.00999999999999,1274.95,1.7001666666666666,21.249166666666667,22.949333333333335
280,4,200000,15,DANCE,1,4,449.5,5349.83,7.491666666666666,89.16383333333333,96.65549999999999
280,4,200000,15,DREEM,1,4,340.73685046196624,92322.22314953804,5.678947507699437,1538.7037191589673,1544.3826666666666
280,4,200000,16,SEISMIC,1,4,98.78,795.87,1.6463333333333334,13.2645,14.910833333333333
280,4,200000,16,DANCE,1,4,395.33,4590.57,6.588833333333333,76.50949999999999,83.09833333333331
280,4,200000,16,DREEM,1,4,337.8878809547459,74716.52211904526,5.631464682579098,1245.2753686507542,1250.9068333333332
280,4,200000,17,DRACO,1,4,656.99,5456.0,10.949833333333334,90.93333333333334,101.88316666666667
280,4,200000,18,SEISMIC,1,4,101.35,761.42,1.6891666666666665,12.690333333333333,14.3795
280,4,200000,18,DRACO,1,4,735.27,18444.620000000003,12.2545,307.41033333333337,319.6648333333334
280,4,200000,19,SEISMIC,1,4,100.55000000000001,1062.05,1.6758333333333335,17.700833333333332,19.376666666666665
280,4,200000,19,DANCE,1,4,432.61,5956.5,7.210166666666667,99.275,106.48516666666667
280,4,200000,19,DRACO,1,4,723.53,27948.31,12.058833333333332,465.8051666666667,477.86400000000003
280,4,200000,2,SEISMIC,1,4,106.03999999999999,804.97,1.7673333333333332,13.416166666666667,15.1835
280,4,200000,2,DANCE,1,4,457.45,4638.64,7.6241666666666665,77.31066666666668,84.93483333333334
280,4,200000,2,DREEM,1,4,358.5864580917405,108604.79354190826,5.976440968195675,1810.0798923651378,1816.0563333333334
280,4,200000,21,DRACO,1,4,692.95,14278.38,11.549166666666668,237.97299999999998,249.52216666666666
280,4,200000,22,SEISMIC,1,4,100.35999999999999,858.93,1.6726666666666665,14.315499999999998,15.988166666666665
280,4,200000,22,DANCE,1,4,418.93,4385.35,6.982166666666667,73.08916666666667,80.07133333333334
280,4,200000,22,DRACO,1,4,701.5,20435.96,11.691666666666666,340.59933333333333,352.291
280,4,200000,22,DREEM,1,4,345.951851606369,77353.04814839363,5.765864193439484,1289.2174691398939,1294.9833333333333
280,4,200000,24,SEISMIC,1,4,100.06,990.94,1.6676666666666666,16.515666666666668,18.183333333333334
280,4,200000,24,DANCE,1,4,408.25,8637.96,6.804166666666666,143.96599999999998,150.77016666666665
280,4,200000,24,DREEM,1,4,338.91604926108994,56582.35395073891,5.6486008210181655,943.0392325123152,948.6878333333333
280,4,200000,25,SEISMIC,1,4,100.45,874.11,1.6741666666666668,14.5685,16.24266666666667
280,4,200000,25,DANCE,1,4,428.78,5729.46,7.146333333333333,95.491,102.63733333333333
280,4,200000,25,DREEM,1,4,345.2828978920006,101361.407102108,5.754714964866677,1689.3567850351333,1695.1115
280,4,200000,26,SEISMIC,1,4,99.0,744.67,1.65,12.411166666666666,14.061166666666667
280,4,200000,26,DRACO,1,4,673.63,15524.780000000002,11.227166666666667,258.7463333333334,269.97350000000006
280,4,200000,27,SEISMIC,1,4,104.17999999999999,760.15,1.7363333333333333,12.669166666666666,14.405499999999998
280,4,200000,27,DRACO,1,4,705.28,25300.88,11.754666666666667,421.6813333333333,433.436
280,4,200000,28,SEISMIC,1,4,101.4,739.03,1.6900000000000002,12.317166666666667,14.007166666666667
280,4,200000,28,DANCE,1,4,440.43,4502.14,7.3405000000000005,75.03566666666667,82.37616666666668
280,4,200000,28,DREEM,1,4,342.9804352474239,47668.38956475258,5.716340587457065,794.4731594125429,800.1895
280,4,200000,29,SEISMIC,1,4,105.27000000000001,868.34,1.7545000000000002,14.472333333333333,16.22683333333333
280,4,200000,29,DANCE,1,4,458.63,5026.97,7.643833333333333,83.78283333333334,91.42666666666668
280,4,200000,29,DREEM,1,4,348.240102224343,77578.43989777565,5.80400170373905,1292.9739982962608,1298.7779999999998
280,4,200000,3,SEISMIC,1,4,124.67999999999999,810.76,2.078,13.512666666666666,15.590666666666666
280,4,200000,3,DANCE,1,4,401.48,5108.87,6.691333333333334,85.14783333333334,91.83916666666667
280,4,200000,3,DRACO,1,4,693.7800000000001,11482.56,11.563,191.376,202.939
280,4,200000,30,SEISMIC,1,4,101.26,904.11,1.6876666666666666,15.0685,16.756166666666665
280,4,200000,30,DANCE,1,4,410.28,6510.79,6.837999999999999,108.51316666666666,115.35116666666666
280,4,200000,31,SEISMIC,1,4,100.47,772.14,1.6744999999999999,12.869,14.5435
280,4,200000,32,SEISMIC,1,4,101.43,1535.87,1.6905000000000001,25.59783333333333,27.28833333333333
280,4,200000,32,DRACO,1,4,705.01,12832.56,11.750166666666667,213.876,225.62616666666668
280,4,200000,33,SEISMIC,1,4,98.05000000000001,1521.35,1.6341666666666668,25.355833333333333,26.99
280,4,200000,34,SEISMIC,1,4,127.64,1013.1,2.1273333333333335,16.885,19.012333333333334
280,4,200000,34,DANCE,1,4,431.94,6148.04,7.199,102.46733333333333,109.66633333333333
280,4,200000,34,DREEM,1,4,355.4050624370575,108313.34493756294,5.923417707284291,1805.222415626049,1811.1458333333333
280,4,200000,35,SEISMIC,1,4,122.96000000000001,830.75,2.0493333333333337,13.845833333333333,15.895166666666666
280,4,200000,36,SEISMIC,1,4,123.21,774.86,2.0535,12.914333333333333,14.967833333333333
280,4,200000,36,DANCE,1,4,404.63,4746.2,6.743833333333333,79.10333333333332,85.84716666666665
280,4,200000,36,DREEM,1,4,339.88955677986087,53406.25044322014,5.664825946331015,890.104174053669,895.769
280,4,200000,37,SEISMIC,1,4,125.85999999999999,836.15,2.0976666666666666,13.935833333333333,16.0335
280,4,200000,37,DANCE,1,4,438.69,5619.99,7.3115,93.6665,100.978
280,4,200000,37,DREEM,1,4,350.57927636145905,88748.96072363853,5.842987939357651,1479.1493453939756,1484.9923333333334
280,4,200000,38,SEISMIC,1,4,123.14999999999999,768.09,2.0524999999999998,12.8015,14.854000000000001
280,4,200000,38,DANCE,1,4,352.08,4652.36,5.867999999999999,77.53933333333333,83.40733333333333
280,4,200000,39,SEISMIC,1,4,122.96000000000001,806.77,2.0493333333333337,13.446166666666667,15.4955
280,4,200000,39,DANCE,1,4,374.17,6911.16,6.236166666666667,115.18599999999999,121.42216666666666
280,4,200000,39,DRACO,1,4,669.76,9231.74,11.162666666666667,153.86233333333334,165.025
280,4,200000,4,SEISMIC,1,4,126.62,1747.9,2.1103333333333336,29.131666666666668,31.242
280,4,200000,4,DANCE,1,4,397.62,5454.39,6.627,90.90650000000001,97.5335
280,4,200000,40,DRACO,1,4,708.51,31649.97,11.8085,527.4995,539.308
280,4,200000,41,SEISMIC,1,4,127.59,1237.16,2.1265,20.619333333333334,22.745833333333334
280,4,200000,41,DANCE,1,4,425.23,5124.23,7.087166666666667,85.40383333333332,92.49099999999999
280,4,200000,42,SEISMIC,1,4,124.59,806.43,2.0765000000000002,13.440499999999998,15.517
280,4,200000,42,DANCE,1,4,414.17,5174.55,6.902833333333334,86.2425,93.14533333333334
280,4,200000,42,DREEM,1,4,344.2999599075265,82776.46004009247,5.738332665125442,1379.6076673348746,1385.346
280,4,200000,43,SEISMIC,1,4,123.6,991.08,2.06,16.518,18.578
280,4,200000,44,SEISMIC,1,4,126.82000000000001,786.26,2.1136666666666666,13.104333333333333,15.218
280,4,200000,44,DANCE,1,4,427.05,5250.21,7.117500000000001,87.5035,94.62100000000001
280,4,200000,44,DREEM,1,4,241.3866435623204,56222.02335643768,4.023110726038673,937.0337226072947,941.0568333333334
280,4,200000,46,DRACO,1,4,693.1600000000001,15932.4,11.552666666666669,265.54,277.0926666666667
280,4,200000,48,SEISMIC,1,4,125.64000000000001,807.56,2.0940000000000003,13.459333333333332,15.553333333333331
280,4,200000,48,DANCE,1,4,426.33,5302.99,7.1055,88.38316666666667,95.48866666666667
280,4,200000,48,DREEM,1,4,234.45003387451288,55923.01996612549,3.9075005645752148,932.0503327687582,935.9578333333334
280,4,200000,49,SEISMIC,1,4,122.69,1312.85,2.0448333333333335,21.88083333333333,23.925666666666665
280,4,200000,5,SEISMIC,1,4,103.74,1713.33,1.7289999999999999,28.5555,30.284499999999998
280,4,200000,5,DRACO,1,4,710.99,21940.93,11.849833333333333,365.68216666666666,377.532
280,4,200000,50,SEISMIC,1,4,122.83,1184.59,2.0471666666666666,19.743166666666664,21.79033333333333
280,4,200000,50,DRACO,1,4,666.6800000000001,20209.88,11.111333333333334,336.83133333333336,347.9426666666667
280,4,200000,51,SEISMIC,1,4,126.25999999999999,823.33,2.1043333333333334,13.722166666666668,15.826500000000001
280,4,200000,51,DANCE,1,4,444.32,5176.22,7.405333333333333,86.27033333333334,93.67566666666667
280,4,200000,51,DRACO,1,4,726.01,15034.13,12.100166666666667,250.56883333333332,262.669
280,4,200000,51,DREEM,1,4,350.8496947193198,91184.39030528069,5.8474949119886634,1519.7398384213448,1525.5873333333334
280,4,200000,52,SEISMIC,1,4,123.25,1383.62,2.0541666666666667,23.060333333333332,25.1145
280,4,200000,53,SEISMIC,1,4,123.17,822.74,2.0528333333333335,13.712333333333333,15.765166666666667
280,4,200000,54,SEISMIC,1,4,122.85000000000001,873.3,2.0475000000000003,14.555,16.6025
280,4,200000,54,DRACO,1,4,691.8199999999999,15183.35,11.530333333333333,253.05583333333334,264.58616666666666
280,4,200000,55,SEISMIC,1,4,123.01000000000002,988.36,2.050166666666667,16.472666666666665,18.52283333333333
280,4,200000,55,DANCE,1,4,847.13,5694.77,14.118833333333333,94.91283333333334,109.03166666666667
280,4,200000,56,SEISMIC,1,4,99.69,868.74,1.6615,14.479000000000001,16.1405
280,4,200000,57,SEISMIC,1,4,98.5,1679.18,1.6416666666666666,27.986333333333334,29.628
280,4,200000,57,DANCE,1,4,413.97,5454.5,6.899500000000001,90.90833333333333,97.80783333333333
280,4,200000,58,SEISMIC,1,4,97.11000000000001,713.93,1.6185000000000003,11.898833333333332,13.517333333333333
280,4,200000,58,DANCE,1,4,432.48,4117.04,7.208,68.61733333333333,75.82533333333333
280,4,200000,58,DREEM,1,4,336.7406541442906,66547.41934585571,5.612344235738177,1109.123655764262,1114.736
280,4,200000,59,SEISMIC,1,4,94.3,1680.89,1.5716666666666665,28.014833333333335,29.5865
280,4,200000,6,SEISMIC,1,4,103.57,1022.67,1.7261666666666666,17.0445,18.770666666666667
280,4,200000,6,DANCE,1,4,396.12,6378.59,6.602,106.30983333333333,112.91183333333333
280,4,200000,6,DRACO,1,4,704.13,24701.33,11.7355,411.6888333333334,423.4243333333334
280,4,200000,7,SEISMIC,1,4,103.30000000000001,1116.95,1.721666666666667,18.615833333333335,20.337500000000002
280,4,200000,7,DANCE,1,4,414.77,4807.95,6.912833333333333,80.1325,87.04533333333333
280,4,200000,7,DREEM,1,4,352.52203884124174,79686.87796115875,5.8753673140206955,1328.1146326859791,1333.9899999999998
280,4,200000,8,SEISMIC,1,4,129.12,1045.65,2.152,17.427500000000002,19.579500000000003
280,4,200000,8,DANCE,1,4,409.62,5477.56,6.827,91.29266666666668,98.11966666666667
280,4,200000,8,DRACO,1,4,716.69,16634.66,11.944833333333333,277.2443333333333,289.18916666666667
280,4,200000,9,SEISMIC,1,4,128.96,1186.95,2.1493333333333333,19.782500000000002,21.931833333333337
280,4,200000,9,DANCE,1,4,409.59,6126.82,6.826499999999999,102.11366666666666,108.94016666666666
