Relationship,,2,2,2,16,16,16,32,32,32,64,64,64,113,113,113,128,128,128,177,177,177,209,209,209,225,225,225,241,241,241,1,1,1
K,,3,3,3,3,3,3,3,3,3,3,3,3,3,3,3,3,3,3,3,3,3,3,3,3,3,3,3,3,3,3,3,3,3
Cluster,,1,2,3,1,2,3,1,2,3,1,2,3,1,2,3,1,2,3,1,2,3,1,2,3,1,2,3,1,2,3,1,2,3
Position,Base,,,,,,,,,,,,,,,,,,,,,,,,,,,,,,,,,
1,T,0.0,0.0,0.0,0.0,0.0,0.0,0.0,0.0,0.0,0.0,0.0,0.0,0.0,0.0,0.0,0.0,0.0,0.0,0.0,0.0,0.0,0.0,0.0,0.0,0.0,0.0,0.0,0.0,0.0,0.0,1.0,1.0,1.0
2,G,0.0,0.0,0.0,0.0,0.0,0.0,0.0,0.0,0.0,0.0,0.0,0.0,0.0,0.0,0.0,0.0,0.0,0.0,0.0,0.0,0.0,0.0,0.0,0.0,0.0,0.0,0.0,0.0,0.0,0.0,1.0,1.0,1.0
3,C,0.0,0.0,0.0,0.0,0.0,0.0,0.0,0.0,0.0,0.0,0.0,0.0,0.0,0.0,0.0,0.0,0.0,0.0,0.0,0.0,0.0,0.0,0.0,0.0,0.0,0.0,0.0,0.0,0.0,0.0,1.0,1.0,1.0
4,T,0.0,0.0,0.0,0.0,0.0,0.0,0.0,0.0,0.0,0.0,0.0,0.0,0.0,0.0,0.0,0.0,0.0,0.0,0.0,0.0,0.0,0.0,0.0,0.0,0.0,0.0,0.0,0.0,0.0,0.0,1.0,1.0,1.0
5,C,0.0,0.0,0.0,0.0,0.0,0.0,0.0,0.0,0.0,0.0,0.0,0.0,0.0,0.0,0.0,0.0,0.0,0.0,0.0,0.0,0.0,0.0,0.0,0.0,0.0,0.0,0.0,0.0,0.0,0.0,1.0,1.0,1.0
6,G,0.0,0.0,0.0,0.0,0.0,0.0,0.0,0.0,0.0,0.0,0.0,0.0,0.0,0.0,0.0,0.0,0.0,0.0,0.0,0.0,0.0,0.0,0.0,0.0,0.0,0.0,0.0,0.0,0.0,0.0,1.0,1.0,1.0
7,A,0.0,0.0,0.0,0.0,0.0,0.0,0.0,0.0,0.0,0.0,0.0,0.0,0.0,0.0,0.0,0.0,0.0,0.0,0.0,0.0,0.0,0.0,0.0,0.0,0.0,0.0,0.0,0.0,0.0,0.0,1.0,1.0,1.0
8,T,0.0,0.0,0.0,0.0,0.0,0.0,0.0,0.0,0.0,0.0,0.0,0.0,0.0,0.0,0.0,0.0,0.0,0.0,0.0,0.0,0.0,0.0,0.0,0.0,0.0,0.0,0.0,0.0,0.0,0.0,1.0,1.0,1.0
9,G,0.0,0.0,0.0,0.0,0.0,0.0,0.0,0.0,0.0,0.0,0.0,0.0,0.0,0.0,0.0,0.0,0.0,0.0,0.0,0.0,0.0,0.0,0.0,0.0,0.0,0.0,0.0,0.0,0.0,0.0,1.0,1.0,1.0
10,G,0.0,0.0,0.0,0.0,0.0,0.0,0.0,0.0,0.0,0.0,0.0,0.0,0.0,0.0,0.0,0.0,0.0,0.0,0.0,0.0,0.0,0.0,0.0,0.0,0.0,0.0,0.0,0.0,0.0,0.0,1.0,1.0,1.0
11,C,0.0,0.0,0.0,0.0,0.0,0.0,0.0,0.0,0.0,0.0,0.0,0.0,0.0,0.0,0.0,0.0,0.0,0.0,0.0,0.0,0.0,0.0,0.0,0.0,0.0,0.0,0.0,0.0,0.0,0.0,1.0,1.0,1.0
12,A,0.0,0.0,0.0,0.0,0.0,0.0,0.0,0.0,0.0,0.0,0.0,0.0,0.0,0.0,0.0,0.0,0.0,0.0,0.0,0.0,0.0,0.0,0.0,0.0,0.0,0.0,0.0,0.0,0.0,0.0,1.0,1.0,1.0
13,C,0.0,0.0,0.0,0.0,0.0,0.0,0.0,0.0,0.0,0.0,0.0,0.0,0.0,0.0,0.0,0.0,0.0,0.0,0.0,0.0,0.0,0.0,0.0,0.0,0.0,0.0,0.0,0.0,0.0,0.0,1.0,1.0,1.0
14,C,0.0,0.0,0.0,0.0,0.0,0.0,0.0,0.0,0.0,0.0,0.0,0.0,0.0,0.0,0.0,0.0,0.0,0.0,0.0,0.0,0.0,0.0,0.0,0.0,0.0,0.0,0.0,0.0,0.0,0.0,1.0,1.0,1.0
15,A,0.0,0.0,0.0,0.0,0.0,0.0,0.0,0.0,0.0,0.0,0.0,0.0,0.0,0.0,0.0,0.0,0.0,0.0,0.0,0.0,0.0,0.0,0.0,0.0,0.0,0.0,0.0,0.0,0.0,0.0,1.0,1.0,1.0
16,A,0.0,0.0,0.0,0.0,0.0,0.0,0.0,0.0,0.0,0.0,0.0,0.0,0.0,0.0,0.0,0.0,0.0,0.0,0.0,0.0,0.0,0.0,0.0,0.0,0.0,0.0,0.0,0.0,0.0,0.0,1.0,1.0,1.0
17,T,0.0,0.0,0.0,0.0,0.0,0.0,0.0,0.0,0.0,0.0,0.0,0.0,0.0,0.0,0.0,0.0,0.0,0.0,0.0,0.0,0.0,0.0,0.0,0.0,0.0,0.0,0.0,0.0,0.0,0.0,1.0,1.0,1.0
18,A,0.0,0.0,0.0,0.0,0.0,0.0,0.0,0.0,0.0,0.0,0.0,0.0,0.0,0.0,0.0,0.0,0.0,0.0,0.0,0.0,0.0,0.0,0.0,0.0,0.0,0.0,0.0,0.0,0.0,0.0,1.0,1.0,1.0
19,C,0.0,0.0,0.0,0.0,0.0,0.0,0.0,0.0,0.0,0.0,0.0,0.0,0.0,0.0,0.0,0.0,0.0,0.0,0.0,0.0,0.0,0.0,0.0,0.0,0.0,0.0,0.0,0.0,0.0,0.0,1.0,1.0,1.0
20,G,0.0,0.0,0.0,0.0,0.0,0.0,0.0,0.0,0.0,0.0,0.0,0.0,0.0,0.0,0.0,0.0,0.0,0.0,0.0,0.0,0.0,0.0,0.0,0.0,0.0,0.0,0.0,0.0,0.0,0.0,1.0,1.0,1.0
21,C,9.576229505201992e-20,9.576229505201992e-20,9.576229505201992e-20,0.0006946201859601,0.0006946201859601,0.0006946201859601,0.0,0.0,0.0,0.001406748619559,0.001406748619559,0.001406748619559,0.0,0.0,0.0,0.0028864200911955,0.0028864200911955,0.0028864200911955,0.0,0.0,0.0,3.479778201583904e-05,3.479778201583904e-05,3.479778201583904e-05,0.0,0.0,0.0,0.0,0.0,0.0,0.9949774133212694,0.9949774133212694,0.9949774133212694
22,C,4.064920704266245e-22,4.064920704266245e-22,4.064920704266245e-22,0.0026576850468951,0.0026576850468951,0.0026576850468951,0.0,0.0,0.0,0.0042326600461892,0.0042326600461892,0.0042326600461892,0.0,0.0,0.0,0.0033669023348796,0.0033669023348796,0.0033669023348796,0.0,0.0,0.0,6.019927843640991e-09,6.019927843640991e-09,6.019927843640991e-09,0.0,0.0,0.0,0.0,0.0,0.0,0.989742746552108,0.989742746552108,0.989742746552108
23,C,6.554872347270094e-21,6.554872347270094e-21,6.554872347270094e-21,0.0081365595296383,0.0081365595296383,0.0081365595296383,0.0,0.0,0.0,0.009929780395111,0.009929780395111,0.009929780395111,0.0,0.0,0.0,0.0011030464385263,0.0011030464385263,0.0011030464385263,0.0,0.0,0.0,0.0005270420544994,0.0005270420544994,0.0005270420544994,0.0,0.0,0.0,0.0,0.0,0.0,0.9803035715822248,0.9803035715822248,0.9803035715822248
24,G,9.973413635074174e-05,9.973413635074174e-05,9.973413635074174e-05,1.292434558346271e-09,1.292434558346271e-09,1.292434558346271e-09,0.00041303388309,0.00041303388309,0.00041303388309,0.0,0.0,0.0,0.0,0.0,0.0,8.227928777004675e-15,8.227928777004675e-15,8.227928777004675e-15,0.0014725049358956,0.0014725049358956,0.0014725049358956,0.0,0.0,0.0,0.0,0.0,0.0,0.0,0.0,0.0,0.9980147257522208,0.9980147257522208,0.9980147257522208
25,A,4.3631968536043166e-08,4.3631968536043166e-08,4.3631968536043166e-08,0.0,0.0,0.0,0.0018075225465432,0.0018075225465432,0.0018075225465432,0.0014431117145074,0.0014431117145074,0.0014431117145074,0.0,0.0,0.0,0.0013604535207783,0.0013604535207783,0.0013604535207783,0.0,0.0,0.0,0.0,0.0,0.0,1.113484941246095e-06,1.113484941246095e-06,1.113484941246095e-06,0.0,0.0,0.0,0.9953877551012612,0.9953877551012612,0.9953877551012612
26,C,2.9479105771622983e-08,2.9479105771622983e-08,2.9479105771622983e-08,0.0275033539702015,0.0275033539702015,0.0275033539702015,0.0,0.0,0.0,0.010617532655076,0.010617532655076,0.010617532655076,0.0,0.0,0.0,0.0157903998410143,0.0157903998410143,0.0157903998410143,0.0,0.0,0.0,0.0384647160120349,0.0384647160120349,0.0384647160120349,0.0,0.0,0.0,0.0,0.0,0.0,0.9076239680425672,0.9076239680425672,0.9076239680425672
27,G,2.0778643316244245e-97,2.0778643316244245e-97,2.0778643316244245e-97,4.557213661817647e-05,4.557213661817647e-05,4.557213661817647e-05,6.93513370350078e-05,6.93513370350078e-05,6.93513370350078e-05,0.0,0.0,0.0,0.0,0.0,0.0,5.722186049634011e-09,5.722186049634011e-09,5.722186049634011e-09,0.0019973897974952,0.0019973897974952,0.0019973897974952,0.0,0.0,0.0,0.0,0.0,0.0,0.0,0.0,0.0,0.9978876810066656,0.9978876810066656,0.9978876810066656
28,C,0.0063076705206357,0.0063076705206357,0.0063076705206357,0.0003477411042648,0.0003477411042648,0.0003477411042648,0.0,0.0,0.0,3.9080245786170054e-07,3.9080245786170054e-07,3.9080245786170054e-07,0.0,0.0,0.0,0.0339237443014249,0.0339237443014249,0.0339237443014249,0.0,0.0,0.0,4.1002983019921286e-08,4.1002983019921286e-08,4.1002983019921286e-08,0.0,0.0,0.0,0.0,0.0,0.0,0.9594204122682336,0.9594204122682336,0.9594204122682336
29,A,0.0116530727304744,3.2464931449694054e-05,3.2464931449694054e-05,0.0,0.0,0.0,0.0001126896381451,0.0308605270923523,0.0308605270923523,0.0228119427142703,0.0029976933429507,0.0029976933429507,0.0,0.0,0.0,0.0241317550218447,0.0061943523022292,0.0061943523022292,0.0,0.0,0.0,0.0,0.0,0.0,0.0205502770599053,0.0065794262590871,0.0065794262590871,0.0,0.0,0.0,0.9207402628353598,0.9533355360719308,0.9533355360719308
30,C,2.549869997179963e-12,2.4584567131384674e-09,2.4584567131384674e-09,2.119163791053731e-05,0.010094429354011,0.010094429354011,0.0,0.0,0.0,0.0004924781472628,0.0018698216121588,0.0018698216121588,0.0,0.0,0.0,0.0412707397362855,0.0242754118676811,0.0242754118676811,0.0,0.0,0.0,6.13600463218744e-07,6.790481010470319e-09,6.790481010470319e-09,0.0,0.0,0.0,0.0,0.0,0.0,0.958214976875528,0.9637603279172112,0.9637603279172112
31,C,1.5034365611765954e-05,1.7396053025210297e-07,1.7396053025210297e-07,0.0194093149945006,0.0115888579900249,0.0115888579900249,0.0,0.0,0.0,0.0010035015582418,0.0210012164297496,0.0210012164297496,0.0,0.0,0.0,0.0151669186810735,0.0163288344320216,0.0163288344320216,0.0,0.0,0.0,4.408341796742881e-05,2.1946643284330615e-13,2.1946643284330615e-13,0.0,0.0,0.0,0.0,0.0,0.0,0.9643611469826048,0.951080917187454,0.951080917187454
32,A,0.0190038253934959,8.83387334340626e-08,8.83387334340626e-08,0.0,0.0,0.0,0.0003263281308072,5.794288831620554e-07,5.794288831620554e-07,0.0146833879672859,0.0096237185309839,0.0096237185309839,0.0,0.0,0.0,0.0030403182499497,0.000953884998395,0.000953884998395,0.0,0.0,0.0,0.0,0.0,0.0,1.5678858561563374e-05,0.0040531894552285,0.0040531894552285,0.0,0.0,0.0,0.9629304613998996,0.985368539247776,0.985368539247776
33,G,1.950510467612211e-33,1.2110638521627034e-25,1.2110638521627034e-25,0.012883412690988,1.2962317043929884e-05,1.2962317043929884e-05,0.0037164589350698,1.283302066323988e-07,1.283302066323988e-07,0.0,0.0,0.0,0.0,0.0,0.0,0.0001157758522809,5.8801338598972506e-08,5.8801338598972506e-08,5.329413669678321e-07,0.0098540431126845,0.0098540431126845,0.0,0.0,0.0,0.0,0.0,0.0,0.0,0.0,0.0,0.983283819580294,0.9901328074387264,0.9901328074387264
34,A,3.458848479440037e-08,0.004372177048067,0.004372177048067,0.0,0.0,0.0,0.000224631291804,0.0002983070601296,0.0002983070601296,0.0221397776319237,0.0052327694494203,0.0052327694494203,0.0,0.0,0.0,0.0065562864015735,0.0049485091736794,0.0049485091736794,0.0,0.0,0.0,0.0,0.0,0.0,5.578165871519527e-06,9.174793632633848e-09,9.174793632633848e-09,0.0,0.0,0.0,0.9710736919203424,0.9851482280939098,0.9851482280939098
35,G,4.3343978674742793e-08,7.116521995005949e-81,7.116521995005949e-81,0.0006583914578757,0.0006861926750954,0.0006861926750954,4.536837467779321e-05,5.760438318198822e-05,5.760438318198822e-05,0.0,0.0,0.0,0.0,0.0,0.0,1.4277187878911322e-06,1.75424871763128e-16,1.75424871763128e-16,0.0026653090000194,0.0002973450709979,0.0002973450709979,0.0,0.0,0.0,0.0,0.0,0.0,0.0,0.0,0.0,0.9966294601046604,0.9989588578707244,0.9989588578707244
36,T,0.0,0.0,0.0,1.6247418804299321e-13,3.786793212294112e-60,3.786793212294112e-60,1.6940095039906118e-17,7.464008100427004e-05,7.464008100427004e-05,1.4436449740102691e-06,0.0007349908324,0.0007349908324,0.0005532306656005,0.0031749223832541,0.0031749223832541,0.0,0.0,0.0,0.0,0.0,0.0,0.0,0.0,0.0,0.0,0.0,0.0,0.0,0.0,0.0,0.999445325689263,0.9960154467033414,0.9960154467033414
37,G,3.353307091234411e-16,2.4321635452602467e-122,2.4321635452602467e-122,1.603036174593553e-07,1.7484947805110565e-06,1.7484947805110565e-06,4.166908001660945e-13,2.3578897152505393e-16,2.3578897152505393e-16,0.0,0.0,0.0,0.0,0.0,0.0,1.9899386793849134e-07,8.975043242119298e-05,8.975043242119298e-05,0.0059312878759168,0.0175671199156739,0.0175671199156739,0.0,0.0,0.0,0.0,0.0,0.0,0.0,0.0,0.0,0.9940683528261808,0.982341381157124,0.982341381157124
38,A,0.0013682685078811,0.007874976804447,0.007874976804447,0.0,0.0,0.0,0.0165015351039268,0.0043901058188297,0.0043901058188297,0.0032786041628659,0.0063629031729302,0.0063629031729302,0.0,0.0,0.0,0.0527041095872816,0.0267805225156059,0.0267805225156059,0.0,0.0,0.0,0.0,0.0,0.0,5.235439120178637e-05,0.0007279223507148,0.0007279223507148,0.0,0.0,0.0,0.9260951282468428,0.9538635693374722,0.9538635693374722
39,A,0.0106561067097618,0.0006846549480333,0.0006846549480333,0.0,0.0,0.0,0.0148463755508277,0.001728308750201,0.001728308750201,0.0084174798692528,0.0084240433841223,0.0084240433841223,0.0,0.0,0.0,0.0274436820371736,0.0371720634121998,0.0371720634121998,0.0,0.0,0.0,0.0,0.0,0.0,9.725276800526028e-06,0.0067267334740501,0.0067267334740501,0.0,0.0,0.0,0.9386266305561832,0.9452641960313932,0.9452641960313932
40,G,2.250553556173523e-06,4.809312529258089e-258,4.809312529258089e-258,8.533387173782512e-06,0.0041509234971091,0.0041509234971091,1.3574294771218084e-05,0.0002666077643488,0.0002666077643488,0.0,0.0,0.0,0.0,0.0,0.0,1.0996952416984862e-10,1.6891323164686468e-08,1.6891323164686468e-08,0.0001388713728386,8.401755382718961e-07,8.401755382718961e-07,0.0,0.0,0.0,0.0,0.0,0.0,0.0,0.0,0.0,0.9998367702816908,0.9955816116716808,0.9955816116716808
41,C,5.024245890008927e-22,0.0039516389213807,0.0039516389213807,0.0140047452646323,0.0125815377402679,0.0125815377402679,0.0,0.0,0.0,0.0011448742813675,0.0005152493686426,0.0005152493686426,0.0,0.0,0.0,0.0046597577269191,0.0174608630842665,0.0174608630842665,0.0,0.0,0.0,0.0001280364308138,0.0021528961569094,0.0021528961569094,0.0,0.0,0.0,0.0,0.0,0.0,0.9800625862962672,0.9633378147285324,0.9633378147285324
42,A,0.0008732025383549,0.0033259335174469,0.0033259335174469,0.0,0.0,0.0,0.0024043746533314,0.0106063327479077,0.0106063327479077,0.024809366186495,0.0297008498655573,0.0297008498655573,0.0,0.0,0.0,0.0118970538818095,0.0180369365547999,0.0180369365547999,0.0,0.0,0.0,0.0,0.0,0.0,0.001704048214609,6.793016473607432e-05,6.793016473607432e-05,0.0,0.0,0.0,0.9583119545254,0.938262017149552,0.938262017149552
43,T,7.7108927336009815e-171,3.7971653431490776e-11,3.7971653431490776e-11,5.96218839362031e-15,8.741954132260102e-20,8.741954132260102e-20,1.32704709170021e-14,2.2162917031411622e-16,2.2162917031411622e-16,9.792106009999608e-10,2.149488815093545e-05,2.149488815093545e-05,0.0010687055943488,0.0163230432598634,0.0163230432598634,0.0,0.0,0.0,0.0,0.0,0.0,0.0,0.0,0.0,0.0,0.0,0.0,0.0,0.0,0.0,0.9989312934264212,0.9836554618140138,0.9836554618140138
44,C,3.1421354159451816e-05,1.497033449318815e-07,1.497033449318815e-07,0.0013565348128421,0.0031842910382626,0.0031842910382626,0.0,0.0,0.0,0.0056409217699188,0.002780138518935,0.002780138518935,0.0,0.0,0.0,0.0005690424004089,0.0098504703875168,0.0098504703875168,0.0,0.0,0.0,0.0006411666794113,1.38506193656207e-09,1.38506193656207e-09,0.0,0.0,0.0,0.0,0.0,0.0,0.9917609129832592,0.9841849489668784,0.9841849489668784
45,T,1.4784274339605592e-25,3.365781726003052e-242,3.365781726003052e-242,8.263901934049395e-20,0.014762920132808,0.014762920132808,1.3966317658144989e-06,1.0702141262640029e-17,1.0702141262640029e-17,1.0533811000979647e-24,9.987853993316886e-18,9.987853993316886e-18,0.0004845481504118,1.0802369756665108e-06,1.0802369756665108e-06,0.0,0.0,0.0,0.0,0.0,0.0,0.0,0.0,0.0,0.0,0.0,0.0,0.0,0.0,0.0,0.9995140552178224,0.9852359996302162,0.9852359996302162
46,G,2.6905167787459413e-31,1.3502576309987501e-09,1.3502576309987501e-09,0.0093043314569729,0.0003183112699763,0.0003183112699763,1.4825323991061513e-21,1.2076259554764615e-10,1.2076259554764615e-10,0.0,0.0,0.0,0.0,0.0,0.0,0.002881716217224,3.064262491809104e-06,3.064262491809104e-06,0.0045150742535135,7.620058114701322e-07,7.620058114701322e-07,0.0,0.0,0.0,0.0,0.0,0.0,0.0,0.0,0.0,0.9832988780722892,0.9996778609907,0.9996778609907
47,A,3.3735830969654907e-08,0.0006462070222479,0.0006462070222479,0.0,0.0,0.0,0.0087509930915037,0.0164233308461393,0.0164233308461393,0.0066783871213089,0.0011166537297043,0.0011166537297043,0.0,0.0,0.0,0.001359875390245,0.042616546918583,0.042616546918583,0.0,0.0,0.0,0.0,0.0,0.0,0.0182172003038549,0.0011975658853992,0.0011975658853992,0.0,0.0,0.0,0.9649935103572562,0.937999695597926,0.937999695597926
48,G,1.7469073883698388e-82,3.038183229916935e-36,6.365436308019093e-58,2.147692743871403e-07,1.2225626967741674e-05,7.770199213449369e-15,9.32744131678934e-05,2.5978781492099457e-11,1.041552805370601e-11,0.0,0.0,0.0,0.0,0.0,0.0,3.2763103284738283e-05,0.000151799035278,1.0974172725392268e-10,0.0001105585387771,0.0003832971348919,0.0002291939746564,0.0,0.0,0.0,0.0,0.0,0.0,0.0,0.0,0.0,0.999763189175496,0.9994526781768834,0.9997708059051784
49,G,4.017601974463432e-16,3.943669386419137e-48,3.105133182704797e-42,1.7138472207510428e-32,5.763009830968749e-14,0.0016287097669831,1.0277620357942289e-13,0.0063969059893977,0.0012950004386753,0.0,0.0,0.0,0.0,0.0,0.0,0.0018671624375831,5.324852372790336e-05,5.734018341887379e-07,0.0009326876193105,0.0043011574122,4.035683107016965e-07,0.0,0.0,0.0,0.0,0.0,0.0,0.0,0.0,0.0,0.997200149943003,0.9892486880746169,0.9970753128241968
50,T,1.2625762019006207e-46,0.0,1.855937572529036e-58,1.295168209029119e-70,6.539686912198566e-74,8.464175836183699e-33,1.6087631879940922e-05,4.6341420927896335e-17,1.4238338717574907e-27,1.0786134568313068e-54,2.2918462720502053e-07,0.0046713115945308,0.0004852856483355,8.785922787429499e-06,0.0008567834276362,0.0,0.0,0.0,0.0,0.0,0.0,0.0,0.0,0.0,0.0,0.0,0.0,0.0,0.0,0.0,0.9994986267197846,0.9999909848925854,0.9944719049778328
51,T,4.546554343534453e-65,0.0,2.897362886771239e-129,1.4389382099533827e-06,5.546680165091633e-43,4.8840112622975145e-08,0.0011199982364203,0.0001114493654986,4.757750379937483e-09,1.3571380129454523e-08,2.498877388116702e-50,2.808899733367211e-09,5.841753329201443e-05,0.0001893101522648,1.0222513162783468e-06,0.0,0.0,0.0,0.0,0.0,0.0,0.0,0.0,0.0,0.0,0.0,0.0,0.0,0.0,0.0,0.9988201317206976,0.9996992404822364,0.9999989213419208
52,C,7.87699245203867e-24,8.118464624877915e-07,1.2687579740814842e-24,0.0180742667411841,0.0025446137821225,0.0107771403349398,0.0,0.0,0.0,5.692470189391391e-06,0.0041606366763921,0.0001649617865706,0.0,0.0,0.0,0.0020194774619698,0.0115136548756304,0.0204722082206179,0.0,0.0,0.0,0.0010431969931193,0.0107698487790198,7.436240958827489e-08,0.0,0.0,0.0,0.0,0.0,0.0,0.9788573663335371,0.9710104340403726,0.9685856152954618
53,A,7.0299531600991934e-06,0.0001468214919846,0.0014960139347851,0.0,0.0,0.0,0.0048861295831506,0.0021750443059463,0.0001301252638177,0.0176220538043758,0.0030661770622961,0.0105840366183181,0.0,0.0,0.0,0.0037498446764796,0.000541455079912,0.0150321291678184,0.0,0.0,0.0,0.0,0.0,0.0,0.000148614803826,0.0006282489943242,5.551782453223591e-05,0.0,0.0,0.0,0.9735863271790076,0.9934422530655364,0.9727021771907284
54,A,0.0013576020350508,0.0003128416872956,3.6257478116908993e-07,0.0,0.0,0.0,0.00307310956893,0.0001993877366187,0.0017737456981915,0.0073112920469852,0.0332768846823564,0.0101259437811324,0.0,0.0,0.0,0.0213743767109465,0.0115599102993451,0.0638066512451682,0.0,0.0,0.0,0.0,0.0,0.0,0.0216204823155853,7.97409159100899e-05,7.830654975027585e-10,0.0,0.0,0.0,0.945263137322502,0.954571234678474,0.9242932959176612
55,C,2.0559982128038198e-26,0.0001366797543289,0.002100520556106,0.0018329007212381,0.0007200603607573,0.0011928648462671,0.0,0.0,0.0,0.0011470890797263,0.0102438567133581,0.0004693803924811,0.0,0.0,0.0,0.0047829536008674,0.0033529938717244,0.0121984182999843,0.0,0.0,0.0,0.0005630037048341,0.0001694738756463,2.338538596363337e-06,0.0,0.0,0.0,0.0,0.0,0.0,0.991674052893334,0.9853769354241848,0.984036477366565
56,G,9.290328274178244e-32,4.121431876379152e-18,7.561422365917526e-74,8.809382451552624e-07,0.0001221894606611,0.0027147518618142,2.4858271641197425e-05,7.931037762936005e-10,7.348829145405229e-07,0.0,0.0,0.0,0.0,0.0,0.0,0.0024597755082745,0.0062464061371429,5.968711645570107e-20,2.113132961728491e-05,0.0003467118797075,0.0008842482128331,0.0,0.0,0.0,0.0,0.0,0.0,0.0,0.0,0.0,0.9974933539522218,0.9932846917293846,0.996400265042438
57,T,1.0183250735279017e-13,2.5e-323,4.114286767991005e-53,7.063332862936939e-11,5.92000953241431e-35,1.1577820963331748e-22,5.262391577625429e-18,2.9723578194577502e-27,4.6133719238725265e-55,5.4938491819089864e-43,4.868517736876527e-18,8.692266770624122e-08,6.286714572855492e-10,1.0493512315490354e-05,5.264869061620393e-07,0.0,0.0,0.0,0.0,0.0,0.0,0.0,0.0,0.0,0.0,0.0,0.0,0.0,0.0,0.0,0.9999999993005936,0.9999895064876844,0.999999386590426
58,G,5.175331133763118e-16,1.1948452874387952e-51,8.224989452538402e-06,6.603203394409349e-05,2.672592976670948e-19,3.1514613528289584e-11,0.0025037020160575,5.742796631444009e-06,6.584667388423825e-07,0.0,0.0,0.0,0.0,0.0,0.0,6.101569712952866e-12,3.758159425294048e-18,0.0022576411694367,0.0010963801806925,6.503298807009349e-08,0.0003608576382145,0.0,0.0,0.0,0.0,0.0,0.0,0.0,0.0,0.0,0.9963338857632036,0.9999941921703804,0.9973726177046428
59,A,0.0061950426087352,2.092686749002279e-05,1.919768551226678e-09,0.0,0.0,0.0,0.0248225553341343,0.0083889207658293,1.1167881001622608e-05,0.0066350156657156,0.0098466654003265,0.0050068054606788,0.0,0.0,0.0,0.0265961939407046,0.0428452294058036,0.0001507509650723,0.0,0.0,0.0,0.0,0.0,0.0,2.2840763020217472e-05,4.2286203425336914e-08,8.713694095745265e-06,0.0,0.0,0.0,0.93572835168769,0.9388982152743472,0.9948225600793827
60,C,2.2792301347947133e-05,1.0065028083689128e-10,8.286829133309405e-23,0.0558320297773679,0.0101408878097863,0.0095582534882537,0.0,0.0,0.0,0.0012206030594703,0.0045122426759771,6.936598235414413e-05,0.0,0.0,0.0,0.0622510742040387,0.0217016908398406,0.0054779967893889,0.0,0.0,0.0,0.0061206338390429,0.0007149188883081,0.0005520752841173,0.0,0.0,0.0,0.0,0.0,0.0,0.874552866818732,0.9629302596854374,0.984342308455886
61,C,7.02199855452968e-10,8.600593654266211e-11,0.0372284588332589,0.0211362223701198,0.0008655125832412,0.0064737426370438,0.0,0.0,0.0,0.0168000074388206,2.516300065806825e-05,0.0043298175847776,0.0,0.0,0.0,0.0421531031388438,0.0130625630569009,0.0009976210770481,0.0,0.0,0.0,0.0101485982754574,2.735402819075029e-05,7.624511289380078e-05,0.0,0.0,0.0,0.0,0.0,0.0,0.9097620680745584,0.986019407245003,0.9508941147549776
62,C,1.32964922602115e-08,2.9385634052057744e-18,3.0125910423038484e-29,0.0124009177474666,0.0067225341808678,0.0002215952933018,0.0,0.0,0.0,0.0036802177075849,4.630086316585859e-05,0.0010209319365008,0.0,0.0,0.0,0.0157982689979737,0.0153614922267182,0.0214826217266075,0.0,0.0,0.0,0.0018311222402718,0.0023221316258747,7.690767478333465e-07,0.0,0.0,0.0,0.0,0.0,0.0,0.9662894600102104,0.9755475411033732,0.9772740819668418
63,G,1.3421279323609797e-29,2.4946964376760675e-10,1.3421099834266552e-100,1.434258650228991e-07,0.0001922584731444,7.438187759676318e-08,3.084053783809033e-16,0.0015607604142825,1.6786590887709362e-05,0.0,0.0,0.0,0.0,0.0,0.0,3.071862601587473e-05,3.542269755009258e-07,9.925291562165477e-09,0.0015903452329629,0.0001877019784386,0.0005823874834932,0.0,0.0,0.0,0.0,0.0,0.0,0.0,0.0,0.0,0.9983787927151558,0.9980589246576892,0.99940074161845
64,G,5.86762762410197e-22,1.732093686562694e-63,2.8006711314057694e-30,2.716302617319167e-07,0.000520248497162,8.96368867724413e-09,2.0999332804654664e-05,1.0326060241459941e-07,0.0004941339002978,0.0,0.0,0.0,0.0,0.0,0.0,1.661473374526845e-05,2.9058277353235083e-08,4.252729095606941e-07,0.014247322585156,0.0029138518537161,6.573581112733552e-06,0.0,0.0,0.0,0.0,0.0,0.0,0.0,0.0,0.0,0.9857147917180324,0.9965657673302422,0.9994988582819913
65,C,1.0011796059676098e-35,0.0177598368036856,4.780521006675849e-12,0.0043784727643171,0.0169397896619726,0.0051026363883589,0.0,0.0,0.0,0.0004313447216018,0.0096257202238902,0.0012224437579089,0.0,0.0,0.0,0.0031746964497033,0.0318935478445253,0.0137498821764236,0.0,0.0,0.0,0.0001958262950451,0.0001998334773242,0.0187015599507976,0.0,0.0,0.0,0.0,0.0,0.0,0.9918196597693324,0.9235812719886018,0.96122347772173
66,G,1.1523253412201103e-79,8.777154338672276e-09,1.1121475746528045e-107,0.0001293172132097,7.442401460598605e-20,0.0033463485445781,7.585238379681223e-07,0.0001343360198946,3.0195058027331425e-50,0.0,0.0,0.0,0.0,0.0,0.0,1.4131796150661962e-06,2.8118823369663395e-17,1.3487474666151185e-07,4.393693443511903e-10,0.0066909866568738,0.0010721339671902,0.0,0.0,0.0,0.0,0.0,0.0,0.0,0.0,0.0,0.999868510643968,0.993174668546077,0.995581382613485
67,G,1.5482313801288237e-07,5.903359677763664e-22,2.0123028682414683e-213,1.5285771050573702e-10,0.0016395401949167,1.2723624925126223e-10,5.39055841519635e-10,1.6519201426196557e-11,0.0028167528707192,0.0,0.0,0.0,0.0,0.0,0.0,1.8121682333333704e-06,1.7320218184354477e-08,2.5431189800553188e-11,0.0058470254532537,4.886616322913609e-07,0.0128621286197368,0.0,0.0,0.0,0.0,0.0,0.0,0.0,0.0,0.0,0.9941510068634613,0.9983599538067136,0.9843211183568764
68,T,2.2498734362082053e-148,9.34675461905712e-273,3.7146041036441744e-181,3.0208071431651264e-33,1.3802870214438106e-05,2.2725601227854464e-63,1.1077366370286332e-14,0.0024379051598957,0.0004988775677152,1.460691458963685e-28,1.645780631981925e-55,0.0027974300878829,0.0015757612760896,1.610817516120818e-05,0.0286929849044122,0.0,0.0,0.0,0.0,0.0,0.0,0.0,0.0,0.0,0.0,0.0,0.0,0.0,0.0,0.0,0.9984242387238992,0.9975321837947284,0.9680107074399894
69,G,4.238130201148484e-77,2.634624501169052e-12,1.4929594211080034e-95,5.331245533317909e-07,1.2774059309220288e-17,0.0011840280902061,9.95696935725726e-06,7.998423993552287e-11,5.725769566285414e-05,0.0,0.0,0.0,0.0,0.0,0.0,1.998162794462124e-08,9.777289066921575e-15,5.4666817304031816e-08,1.7596867150681965e-05,5.822865586216259e-06,9.259570956531632e-05,0.0,0.0,0.0,0.0,0.0,0.0,0.0,0.0,0.0,0.9999718930573108,0.9999941770517852,0.9986660638377484
70,G,4.524800882932426e-09,1.1522271257491642e-51,9.017806232430128e-07,5.136646312607416e-12,6.02894316698404e-06,0.0012755857335192,1.7307322917913697e-07,0.0010831027878808,9.736336755841187e-06,0.0,0.0,0.0,0.0,0.0,0.0,0.0084485450324554,1.6358318192579568e-10,0.0003132487922088,6.55019983854032e-08,4.0883944877741046e-05,0.0014686561821366,0.0,0.0,0.0,0.0,0.0,0.0,0.0,0.0,0.0,0.9915512118623796,0.9988699841604912,0.996931871174756
71,T,1.4185050286132536e-08,4.24601916566919e-06,2.381759027711213e-223,9.437268501336252e-05,2.9857972829414315e-41,1.064833902398394e-12,2.1595270287901e-11,1.436013117058823e-10,1.5424036661539549e-18,0.0003062854102419,2.218743400360914e-42,7.854829211960563e-26,9.255854692272148e-05,0.000618920555014,1.372518799735669e-05,0.0,0.0,0.0,0.0,0.0,0.0,0.0,0.0,0.0,0.0,0.0,0.0,0.0,0.0,0.0,0.9995067691511764,0.999376833282219,0.999986274810938
72,T,9.180863145117949e-34,1.7648021980590917e-44,0.0,4.268106865079871e-07,2.5297223216911544e-06,4.7079748451625046e-05,3.440390665234424e-14,2.3719143320526602e-21,1.3085411278763309e-08,1.2447514516666715e-41,9.610214654534736e-25,1.3094400310344952e-27,1.5273841150959287e-05,3.76142460730265e-06,0.0032042119041785,0.0,0.0,0.0,0.0,0.0,0.0,0.0,0.0,0.0,0.0,0.0,0.0,0.0,0.0,0.0,0.999984299348128,0.999993708853071,0.9967486952619586
73,T,1.2007491e-316,0.0,1.2598890125172608e-85,9.020529596356342e-12,1.433911426866063e-12,5.1788012942754775e-22,3.709047718642835e-05,1.1656756526874136e-13,2.8486931920086767e-51,5.142177458935926e-31,6.991607909223131e-39,3.024604799387825e-105,0.0060907778980754,0.001030103438731,4.084810355135352e-05,0.0,0.0,0.0,0.0,0.0,0.0,0.0,0.0,0.0,0.0,0.0,0.0,0.0,0.0,0.0,0.9938721316157176,0.9989698965597184,0.9999591518964488
74,A,2.3234871236896808e-06,0.0003661321091188,0.0010730821374851,0.0,0.0,0.0,3.744672046625666e-07,0.0054045318386024,0.0121973611884225,0.0021336069616487,0.0023595627980859,0.0649296234706534,0.0,0.0,0.0,0.0078902901377605,0.036226346380499,0.0420271049672661,0.0,0.0,0.0,0.0,0.0,0.0,8.064566854659314e-05,0.0002883000960093,0.0018337803865645,0.0,0.0,0.0,0.9898927592777156,0.9553551267776844,0.8779390478496081
75,G,1.7286548302380892e-12,4.642712374538052e-19,1.0276563537354627e-173,1.571118390124935e-06,1.0352765789283881e-13,0.0004517322760346,3.1929934655742515e-08,5.82740077475409e-05,4.112340234070336e-23,0.0,0.0,0.0,0.0,0.0,0.0,9.703121247850426e-05,4.914166454139961e-18,7.989486403340345e-05,0.0002018490939053,1.5953792871386431e-06,6.298331825517602e-06,0.0,0.0,0.0,0.0,0.0,0.0,0.0,0.0,0.0,0.9996995166435628,0.9999401306128618,0.9994620745281064
76,A,0.0006486975484649,0.0037167779100195,2.0756728205215133e-07,0.0,0.0,0.0,0.0056208182028821,0.014285665092244,0.007919437048339,0.0078626926480106,0.018714627187888,0.0129932923460421,0.0,0.0,0.0,0.0007239035846477,0.0086209663354165,0.0106352685916998,0.0,0.0,0.0,0.0,0.0,0.0,3.8747878689481684e-07,8.287264263059025e-06,6.267394130586268e-06,0.0,0.0,0.0,0.9851435005372076,0.9546536762101684,0.9684455270525064
77,A,0.0004536785180687,3.993765215795182e-07,0.0025062398395239,0.0,0.0,0.0,3.306383461433339e-05,0.0031172803008114,1.955809313624307e-07,0.001187134494028,0.0024037268395327,0.0326189566850258,0.0,0.0,0.0,0.0393680432467945,0.0109528984682146,0.0230608197972722,0.0,0.0,0.0,0.0,0.0,0.0,3.430566577872489e-06,9.72432745133624e-13,0.0003412540842763,0.0,0.0,0.0,0.9589546493399164,0.9835256950139472,0.9414725340129704
78,G,4.1761733979145444e-07,9.646028619351638e-99,1.8445049980306262e-09,0.0001219172415712,1.067001946523604e-09,1.0288839359622554e-08,1.8512494305698663e-05,7.447310348186879e-05,6.853983394191055e-10,0.0,0.0,0.0,0.0,0.0,0.0,3.754294571480354e-15,0.0019044418302144,0.0002574126500593,3.597961844157324e-05,0.0002842876295293,0.0003549463070293,0.0,0.0,0.0,0.0,0.0,0.0,0.0,0.0,0.0,0.999823173028338,0.9977367963697724,0.9993876282241684
79,C,4.569365717429324e-20,4.348379704795069e-09,0.000160647229065,0.0130771198917769,0.0013755053077389,0.0005381125802248,0.0,0.0,0.0,0.0035013181462072,0.0016787340181119,0.0096297736519575,0.0,0.0,0.0,0.0408758786121679,0.0168769962060087,0.0109295638089884,0.0,0.0,0.0,0.0033314380489322,8.982805784096004e-06,0.003663121594231,0.0,0.0,0.0,0.0,0.0,0.0,0.9392142453009156,0.9800597773139764,0.975078781135533
80,G,3.2239438219036256e-10,2.960128537547641e-135,3.969654196043058e-29,8.638602079239417e-13,7.490909086554605e-08,3.545779810281602e-07,3.374028096269446e-09,2.886729786382019e-40,0.0004839622850202,0.0,0.0,0.0,0.0,0.0,0.0,5.473114581556133e-12,4.030439827787536e-05,1.1442410235165056e-17,3.279053779317788e-05,3.72114986045873e-05,0.0010913791798631,0.0,0.0,0.0,0.0,0.0,0.0,0.0,0.0,0.0,0.9999672057594474,0.9999224091940268,0.9984243039571356
81,G,7.094804917743672e-99,1.471896535816537e-11,0.0114590021843877,2.5071462851067963e-09,0.0001082215293833,0.0027842972276295,2.5360435027232463e-10,0.0010617580639249,7.761136338031475e-10,0.0,0.0,0.0,0.0,0.0,0.0,1.4817533484670664e-12,0.0019842632896839,3.5036418182624056e-26,5.269414193231797e-05,0.0006391764751887,9.358868977548169e-05,0.0,0.0,0.0,0.0,0.0,0.0,0.0,0.0,0.0,0.9999473030958352,0.9962065806271,0.9856631111220936
82,G,2.566143016082353e-06,2.465068988015929e-34,1.2537376698480149e-43,0.0004605070240629,1.959230106745268e-07,0.0002467417032504,1.2461616846392956e-07,0.0010520751462224,0.0013450397361883,0.0,0.0,0.0,0.0,0.0,0.0,0.0001737478888407,0.0022416840387918,0.0031111729321631,0.0008857510636599,5.234475226132293e-06,0.0077898840615209,0.0,0.0,0.0,0.0,0.0,0.0,0.0,0.0,0.0,0.998477303264252,0.9967008104167489,0.9875071615668772
83,T,1.6358440039887132e-57,1.2256969103926214e-38,1.09281881474312e-153,4.7898713768560286e-49,2.0886416258510865e-08,8.905200613411954e-34,5.710013786918469e-14,4.755756009129936e-39,7.67727906179785e-17,9.71419257606698e-17,4.002686167523174e-62,0.0001670133272347,5.6910477482230494e-05,2.1440183313430825e-06,0.0113570558282355,0.0,0.0,0.0,0.0,0.0,0.0,0.0,0.0,0.0,0.0,0.0,0.0,0.0,0.0,0.0,0.9999430895224606,0.9999978350952524,0.9884759308445296
84,T,0.0,1.944453386252737e-196,4.908295604242704e-69,2.170889950385499e-16,2.6825217709530444e-27,3.62762144780631e-07,1.0537237257522624e-61,0.0215128019883399,7.738320950185705e-11,7.524437422028423e-06,4.0525974787755313e-60,4.278750639612181e-05,0.0168543213927257,0.0022822760699696,0.0002340497744666,0.0,0.0,0.0,0.0,0.0,0.0,0.0,0.0,0.0,0.0,0.0,0.0,0.0,0.0,0.0,0.983138154169852,0.9762049219416904,0.9997227998796092
85,G,4.314622651012188e-138,8.899828370844314e-83,8.151943403551964e-27,0.0055753893988778,8.093916323953906e-09,1.2497472429520376e-05,0.00617644795375,2.076467460302885e-05,3.24556691588744e-07,0.0,0.0,0.0,0.0,0.0,0.0,0.0016029218734042,1.5842219320281125e-05,2.103387907284228e-06,0.0004586032120399,5.3885422445334443e-14,0.0140521521033579,0.0,0.0,0.0,0.0,0.0,0.0,0.0,0.0,0.0,0.986186637561928,0.9999633850121064,0.9859329224796136
86,T,1.1425137753953765e-42,1.175251688828036e-40,4.8383031331250815e-91,5.998433246394116e-15,3.362222293697824e-78,9.210912833483524e-08,7.598635723093659e-06,0.0010612634119562,2.0429014498700974e-13,2.011940399553272e-20,6.120985960074875e-06,1.0891532142704645e-05,0.0001152266458878,0.0027127574633871,0.0023872290969812,0.0,0.0,0.0,0.0,0.0,0.0,0.0,0.0,0.0,0.0,0.0,0.0,0.0,0.0,0.0,0.9998771747183832,0.9962198581386966,0.9976017872615434
87,T,1.5419217893604038e-59,7.066751830533474e-79,8.482048795629987e-25,1.2770614048711932e-14,6.588639893089938e-06,0.0010756394001303,8.838495107676332e-19,2.386467674589597e-23,2.3449255481170457e-23,2.1929073593057957e-13,1.533491496276756e-65,2.384749014222993e-07,0.0001501712380086,0.0010148251296261,0.0247905794836646,0.0,0.0,0.0,0.0,0.0,0.0,0.0,0.0,0.0,0.0,0.0,0.0,0.0,0.0,0.0,0.9998498287617592,0.9989785862304807,0.9741335426413036
88,T,3.110529654991946e-130,3.41761255353622e-55,3.941009313715746e-71,0.0004227834761016,1.6623978237073691e-22,1.203193159225349e-12,8.066061471215844e-47,0.0023528750248093,3.809613402787909e-26,2.1457218947490323e-15,1.3056720199508532e-22,9.370716617218156e-08,0.0006412275901448,0.0038217489627811,1.238307718923678e-07,0.0,0.0,0.0,0.0,0.0,0.0,0.0,0.0,0.0,0.0,0.0,0.0,0.0,0.0,0.0,0.9989359889337514,0.9938253760124096,0.9999997824608586
89,C,4.4708629964381536e-14,3.744893015976899e-23,4.4708629964381536e-14,0.0014447596725671,0.010657203352768,0.0014447596725671,0.0,0.0,0.0,0.007293799366926,0.0150258641725351,0.007293799366926,0.0,0.0,0.0,0.0012378114882394,0.0251008885811188,0.0012378114882394,0.0,0.0,0.0,0.0028769077015866,0.00054752694623,0.0028769077015866,0.0,0.0,0.0,0.0,0.0,0.0,0.987146721770636,0.948668516947348,0.987146721770636
90,G,0.0074071206504305,2.6550728821661958e-112,0.0074071206504305,0.0013268472127279,1.2695937520055362e-13,0.0013268472127279,8.798215238047916e-09,0.0015054025287324,8.798215238047916e-09,0.0,0.0,0.0,0.0,0.0,0.0,0.0113786283055422,5.310102727780711e-09,0.0113786283055422,5.6937986287188885e-09,6.599459291370155e-16,5.6937986287188885e-09,0.0,0.0,0.0,0.0,0.0,0.0,0.0,0.0,0.0,0.9798873893392854,0.9984945921610372,0.9798873893392854
91,G,6.548124285802359e-30,7.327384495237176e-05,6.548124285802359e-30,1.9664151647200274e-06,0.0002659960953359,1.9664151647200274e-06,1.7439654837481819e-09,3.572422595841648e-11,1.7439654837481819e-09,0.0,0.0,0.0,0.0,0.0,0.0,0.0001125535156861,4.653985911276136e-09,0.0001125535156861,0.0079313634462731,0.0010167467037227,0.0079313634462731,0.0,0.0,0.0,0.0,0.0,0.0,0.0,0.0,0.0,0.9919541148789104,0.9986439786662786,0.9919541148789104
92,T,1.2894658918871095e-32,3.165431755600875e-106,1.2894658918871095e-32,2.580384449434064e-08,3.654455479646671e-12,2.580384449434064e-08,1.6510142777936808e-29,2.5209501934746888e-05,1.6510142777936808e-29,6.291467329778571e-18,1.6555357086284737e-07,6.291467329778571e-18,7.54722929326689e-06,5.556814635694018e-07,7.54722929326689e-06,0.0,0.0,0.0,0.0,0.0,0.0,0.0,0.0,0.0,0.0,0.0,0.0,0.0,0.0,0.0,0.9999924269668622,0.9999740692593764,0.9999924269668622
93,T,8.643234425308404e-26,2.939056417679097e-161,8.643234425308404e-26,1.0363358583978811e-09,2.7784503315834715e-20,1.0363358583978811e-09,0.007978116660587,0.0003841134014209,0.007978116660587,3.602446793793827e-06,2.1964051908783298e-13,3.602446793793827e-06,0.0002992104954484,0.0114681833390615,0.0002992104954484,0.0,0.0,0.0,0.0,0.0,0.0,0.0,0.0,0.0,0.0,0.0,0.0,0.0,0.0,0.0,0.9917190693608348,0.988147703259298,0.9917190693608348
94,T,0.0,1.3387876716020808e-46,0.0,1.7968921004320626e-14,3.329897820202349e-20,1.7968921004320626e-14,5.7184441768581386e-46,1.5743238026852255e-08,5.7184441768581386e-46,5.3624684891326585e-15,7.783537755897807e-14,5.3624684891326585e-15,0.0003697946814425,0.0007429517464959,0.0003697946814425,0.0,0.0,0.0,0.0,0.0,0.0,0.0,0.0,0.0,0.0,0.0,0.0,0.0,0.0,0.0,0.999630205318534,0.9992570325101882,0.999630205318534
95,C,0.0051179367872267,4.826387934401708e-06,0.0051179367872267,0.0004980212570978,0.0037090605322847,0.0004980212570978,0.0,0.0,0.0,0.0093239016709906,0.0102153449791885,0.0093239016709906,0.0,0.0,0.0,0.0155835525468162,0.0145149464377809,0.0155835525468162,0.0,0.0,0.0,0.0219142100362709,0.0036419795828399,0.0219142100362709,0.0,0.0,0.0,0.0,0.0,0.0,0.9475623777015978,0.9679138420799712,0.9475623777015978
96,G,9.003125628909386e-18,4.4690174307607597e-156,9.003125628909386e-18,4.051008007961137e-12,4.110418020928563e-24,4.051008007961137e-12,8.28721366611292e-10,3.1634486800269617e-15,8.28721366611292e-10,0.0,0.0,0.0,0.0,0.0,0.0,1.213218651673921e-09,0.0001537984668187,1.213218651673921e-09,0.0040168216005918,4.264676050993215e-05,0.0040168216005918,0.0,0.0,0.0,0.0,0.0,0.0,0.0,0.0,0.0,0.995983176353417,0.999803554772668,0.995983176353417
97,A,2.0080200445623133e-08,0.018320173655701,2.0080200445623133e-08,0.0,0.0,0.0,0.0004310944006515,0.0008165297478861,0.0004310944006515,0.0117765636192812,0.0060235898380566,0.0117765636192812,0.0,0.0,0.0,0.0114644524992359,0.0354709738151547,0.0114644524992359,0.0,0.0,0.0,0.0,0.0,0.0,0.0031365886326994,0.0026642443101349,0.0031365886326994,0.0,0.0,0.0,0.9731912807679314,0.9367044886330664,0.9731912807679314
98,T,4.817818931792868e-78,5.273790723609491e-295,4.817818931792868e-78,2.599353196661687e-16,2.1624036219455005e-45,2.599353196661687e-16,3.7086268442333136e-44,1.1000127934896265e-23,3.7086268442333136e-44,2.1051805070714297e-12,3.0596372473310088e-49,2.1051805070714297e-12,0.0013451964483654,0.0043847416538046,0.0013451964483654,0.0,0.0,0.0,0.0,0.0,0.0,0.0,0.0,0.0,0.0,0.0,0.0,0.0,0.0,0.0,0.9986548035495292,0.9956152583461956,0.9986548035495292
99,A,0.0004310497655562,7.314437879043383e-06,0.0004310497655562,0.0,0.0,0.0,0.0054603264500673,0.0158845207423974,0.0054603264500673,0.0016378890539546,0.0453418807372286,0.0016378890539546,0.0,0.0,0.0,0.0159131026298748,0.0232258999720957,0.0159131026298748,0.0,0.0,0.0,0.0,0.0,0.0,2.181962598622428e-05,0.0023976997744886,2.181962598622428e-05,0.0,0.0,0.0,0.9765358124745608,0.9131426843359104,0.9765358124745608
100,T,1.7866378806307297e-161,0.0,1.7866378806307297e-161,7.459553048832339e-42,2.865513901045522e-24,7.459553048832339e-42,3.77852304491445e-20,0.0278752782297229,3.77852304491445e-20,1.1979518033335389e-05,1.3212488960677326e-18,1.1979518033335389e-05,0.0001001600307602,0.0002142856171321,0.0001001600307602,0.0,0.0,0.0,0.0,0.0,0.0,0.0,0.0,0.0,0.0,0.0,0.0,0.0,0.0,0.0,0.9998878604512064,0.971910436153145,0.9998878604512064
101,A,9.07512600811526e-08,6.444621698922316e-07,9.07512600811526e-08,0.0,0.0,0.0,0.0107241596200122,0.0001805123154105,0.0107241596200122,0.0138598705356889,0.0005155344476302,0.0138598705356889,0.0,0.0,0.0,0.0311840536490998,0.0029039633606918,0.0311840536490998,0.0,0.0,0.0,0.0,0.0,0.0,0.0024196513721099,0.0005490347838186,0.0024196513721099,0.0,0.0,0.0,0.9418121740718288,0.9958503106302788,0.9418121740718288
102,C,0.0156045697431324,5.3704366330206905e-05,0.0156045697431324,0.0072454551053389,0.0025582889247472,0.0072454551053389,0.0,0.0,0.0,0.0167979237992159,0.0015115129634435,0.0167979237992159,0.0,0.0,0.0,0.0158971020155006,0.0073802135302844,0.0158971020155006,0.0,0.0,0.0,7.463884973133431e-07,0.0006418900318438,7.463884973133431e-07,0.0,0.0,0.0,0.0,0.0,0.0,0.9444542029483146,0.9878543901833508,0.9444542029483146
103,T,5.1839451495099785e-289,4.0432770207145385e-24,5.1839451495099785e-289,9.898417185699865e-23,1.0876517747457308e-33,9.898417185699865e-23,5.0988188681310064e-08,4.313438078749022e-07,5.0988188681310064e-08,2.068445045963037e-50,3.4508939924679086e-11,2.068445045963037e-50,0.0034950478271379,0.0005280146613008,0.0034950478271379,0.0,0.0,0.0,0.0,0.0,0.0,0.0,0.0,0.0,0.0,0.0,0.0,0.0,0.0,0.0,0.9965049011846732,0.9994715539603825,0.9965049011846732
104,T,2.8978446733012078e-39,7.415956442904654e-158,2.8978446733012078e-39,1.1283145030068898e-06,5.676749547870744e-18,1.1283145030068898e-06,9.070749679422573e-23,1.467382051536924e-11,9.070749679422573e-23,2.925830538725829e-07,1.5734256948197008e-06,2.925830538725829e-07,0.0001036955692458,8.597709205175258e-05,0.0001036955692458,0.0,0.0,0.0,0.0,0.0,0.0,0.0,0.0,0.0,0.0,0.0,0.0,0.0,0.0,0.0,0.9998948835331972,0.9999124494675796,0.9998948835331972
105,T,6.414884280506779e-62,5.249577583241513e-265,6.414884280506779e-62,5.259528189307055e-07,4.874001013450625e-53,5.259528189307055e-07,3.927593909449786e-26,3.1390339857525053e-18,3.927593909449786e-26,9.19351062462002e-06,2.427777000732254e-100,9.19351062462002e-06,4.4388921072414e-05,0.0002144831096427,4.4388921072414e-05,0.0,0.0,0.0,0.0,0.0,0.0,0.0,0.0,0.0,0.0,0.0,0.0,0.0,0.0,0.0,0.999945891615484,0.9997855168903572,0.999945891615484
106,G,7.438881554052103e-16,2.2823602020389563e-22,7.438881554052103e-16,0.000318534312546,3.3361963829011805e-07,0.000318534312546,6.87140052423201e-11,7.396762909844153e-06,6.87140052423201e-11,0.0,0.0,0.0,0.0,0.0,0.0,0.0001729387597984,1.2359238188338382e-09,0.0001729387597984,0.0019942758230277,0.0001275122381755,0.0019942758230277,0.0,0.0,0.0,0.0,0.0,0.0,0.0,0.0,0.0,0.9975142510359128,0.9998647561433524,0.9975142510359128
107,A,0.0007090391438681,0.0001791313362913,0.0007090391438681,0.0,0.0,0.0,0.0014414652614135,0.0156848450113113,0.0014414652614135,0.0008979418594518,0.049347070663048,0.0008979418594518,0.0,0.0,0.0,0.0171091535434116,0.0218783371346107,0.0171091535434116,0.0,0.0,0.0,0.0,0.0,0.0,0.0003434130564541,0.0052933975821919,0.0003434130564541,0.0,0.0,0.0,0.9794989871354006,0.9076172182725466,0.9794989871354006
108,G,1.1489142603411868e-05,1.6677215061192103e-242,1.1489142603411868e-05,0.0001662896640641,5.434255180528885e-06,0.0001662896640641,0.0066294388357961,1.5969795911300493e-07,0.0066294388357961,0.0,0.0,0.0,0.0,0.0,0.0,1.8771549748206188e-06,3.3969303749881824e-06,1.8771549748206188e-06,0.0008131149878899,1.241133077752568e-05,0.0008131149878899,0.0,0.0,0.0,0.0,0.0,0.0,0.0,0.0,0.0,0.9923777902146717,0.9999785977857076,0.9923777902146717
109,C,0.0094511533232991,2.377013462191867e-10,0.0094511533232991,0.0016241830329881,0.0011118775941102,0.0016241830329881,0.0,0.0,0.0,0.0028354111016681,0.0036662227344149,0.0028354111016681,0.0,0.0,0.0,0.0105698566900422,0.0089498155525525,0.0105698566900422,0.0,0.0,0.0,4.439214212915508e-06,0.0015101265026102,4.439214212915508e-06,0.0,0.0,0.0,0.0,0.0,0.0,0.9755149566377892,0.9847619573786106,0.9755149566377892
110,G,3.718678626700722e-05,1.7093401228216833e-20,3.718678626700722e-05,1.7318928355534654e-13,4.4318505944499016e-06,1.7318928355534654e-13,1.976642246923168e-05,0.0015717334154372,1.976642246923168e-05,0.0,0.0,0.0,0.0,0.0,0.0,0.0244888684481598,1.2632840353051153e-07,0.0244888684481598,0.0024912896212399,8.40242385177639e-06,0.0024912896212399,0.0,0.0,0.0,0.0,0.0,0.0,0.0,0.0,0.0,0.9729628887216908,0.998415305981713,0.9729628887216908
111,G,6.2796552773037855e-15,9.833281353464853e-08,6.2796552773037855e-15,9.988341906129016e-07,7.81595817028397e-07,9.988341906129016e-07,3.4430797813317814e-11,2.0878432264153466e-07,3.4430797813317814e-11,0.0,0.0,0.0,0.0,0.0,0.0,3.371578902057802e-05,3.758837195906141e-06,3.371578902057802e-05,3.4039531057477355e-05,1.72164424835999e-05,3.4039531057477355e-05,0.0,0.0,0.0,0.0,0.0,0.0,0.0,0.0,0.0,0.9999312458112944,0.9999779360073672,0.9999312458112944
112,A,8.580233199769517e-05,1.8899204690050688e-11,0.0048557782199481,0.0,0.0,0.0,0.001844243286821,0.004775827647589,0.0014882841179881,0.004862271458929,0.0022066013691684,0.0039804973837912,0.0,0.0,0.0,0.0297832166843072,0.0713703776182984,0.0024516180459499,0.0,0.0,0.0,0.0,0.0,0.0,8.225670565232397e-05,1.8900628040624764e-06,0.0003489461626675,0.0,0.0,0.0,0.9633422095322928,0.9216453032832408,0.9868748760696552
113,A,9.494287304564712e-06,5.474059284378969e-08,6.287083099428077e-05,0.0,0.0,0.0,5.340310762558341e-05,8.737295603244239e-06,0.0005817883893504,0.0186036201849163,0.0135374373597569,0.0141126498680034,0.0,0.0,0.0,0.0010748755811303,0.0425697123065568,0.0083353536635708,0.0,0.0,0.0,0.0,0.0,0.0,0.0071666334887897,0.0072089191444551,1.1643793673782535e-09,0.0,0.0,0.0,0.9730919733502336,0.9366751391530348,0.9769073360837016
114,A,0.0009659001907069,9.17699091028156e-05,2.1582698930630032e-08,0.0,0.0,0.0,0.0074654448757732,0.0076461893878776,0.0008795484254552,0.0004512727629412,0.0060445479736486,0.0165411371604273,0.0,0.0,0.0,0.0131295085513393,0.0408430382990365,0.0094995714869214,0.0,0.0,0.0,0.0,0.0,0.0,0.0010090021718799,0.0009838923471833,1.3003645906050212e-05,0.0,0.0,0.0,0.9769788714473594,0.944390562083151,0.9730667176985908
115,A,1.819690092887952e-06,0.0035677031905168,0.0002913476914714,0.0,0.0,0.0,9.502975428411051e-05,0.0045830020471703,0.0024764131111313,0.0120375563947538,0.0026309809248633,0.0351304896438883,0.0,0.0,0.0,0.0071274751587738,0.0004306404511963,0.0507890281122184,0.0,0.0,0.0,0.0,0.0,0.0,8.508941107362026e-09,0.0023805039507377,1.9810123476282864e-05,0.0,0.0,0.0,0.9807381104931544,0.9864071694355157,0.9112929113178142
116,C,1.1079485010487227e-11,2.9668530772287087e-25,6.50860379656793e-06,0.0071084772626364,0.0002227621044797,0.0027039999564053,0.0,0.0,0.0,8.304529475285971e-06,3.7449579515106056e-08,0.0489236767167345,0.0,0.0,0.0,0.0151901585010904,0.0041047170409966,0.0138987562272612,0.0,0.0,0.0,6.205985959789732e-06,0.0013169563020477,0.0001276004699039,0.0,0.0,0.0,0.0,0.0,0.0,0.9776868537097584,0.9943555271028962,0.9343394580258984
117,G,0.0004140469784747,1.7551931661660168e-60,0.0003991902714071,1.5634117902199286e-06,0.0012378577845428,1.3664671620383272e-19,8.125121971704191e-05,0.0007660667041133,9.142209773467678e-07,0.0,0.0,0.0,0.0,0.0,0.0,0.0032383988086609,2.386529352000272e-07,7.081930344149345e-55,1.6256104183195093e-11,0.0004773060062488,7.443126066103793e-07,0.0,0.0,0.0,0.0,0.0,0.0,0.0,0.0,0.0,0.9962647395651008,0.9975185308521598,0.999599151195009
118,A,2.783455489275997e-09,0.001513557590492,0.008034053490957,0.0,0.0,0.0,0.0030466879434544,0.0001045687291956,0.0495481906766034,0.006457054048474,0.0193973918870387,0.0014131580704863,0.0,0.0,0.0,0.0008234413093301,0.0096523734599812,0.0830362332378008,0.0,0.0,0.0,0.0,0.0,0.0,0.0177240103644785,0.0002938035564198,0.0020722256484962,0.0,0.0,0.0,0.9719488035508074,0.9690383047768724,0.8558961388756559
119,T,6.191188213067712e-140,5.222616812515423e-181,3.01393785643271e-26,3.8735749498726e-21,1.0272622361089118e-11,1.1717238022608937e-96,0.0002756209600519,1.0684456104705798e-34,6.987813999492664e-30,1.5494539873221125e-19,1.6443592837364188e-07,5.911744802937718e-12,0.0210074392217104,0.0001370019123334,0.000727143288593,0.0,0.0,0.0,0.0,0.0,0.0,0.0,0.0,0.0,0.0,0.0,0.0,0.0,0.0,0.0,0.9787169398182376,0.9998628336414656,0.9992728567054951
120,G,3.1620644879884984e-24,5.19863932717312e-10,1.1856959289539053e-17,2.792126728587077e-06,0.0151412231801847,0.0005084927991007,4.67807256784228e-15,4.980445806718872e-05,2.223235103335653e-14,0.0,0.0,0.0,0.0,0.0,0.0,1.5221600410125246e-11,9.584375992649498e-15,7.229588932005656e-05,0.000528858459899,0.0072877603967764,0.0013509953311963,0.0,0.0,0.0,0.0,0.0,0.0,0.0,0.0,0.0,0.999468349398146,0.977521211445098,0.9980682159803606
121,T,0.0,0.0,0.0,0.0,0.0,0.0,0.0,0.0,0.0,0.0,0.0,0.0,0.0,0.0,0.0,0.0,0.0,0.0,0.0,0.0,0.0,0.0,0.0,0.0,0.0,0.0,0.0,0.0,0.0,0.0,1.0,1.0,1.0
122,T,0.0,0.0,0.0,0.0,0.0,0.0,0.0,0.0,0.0,0.0,0.0,0.0,0.0,0.0,0.0,0.0,0.0,0.0,0.0,0.0,0.0,0.0,0.0,0.0,0.0,0.0,0.0,0.0,0.0,0.0,1.0,1.0,1.0
123,C,0.0,0.0,0.0,0.0,0.0,0.0,0.0,0.0,0.0,0.0,0.0,0.0,0.0,0.0,0.0,0.0,0.0,0.0,0.0,0.0,0.0,0.0,0.0,0.0,0.0,0.0,0.0,0.0,0.0,0.0,1.0,1.0,1.0
124,T,0.0,0.0,0.0,0.0,0.0,0.0,0.0,0.0,0.0,0.0,0.0,0.0,0.0,0.0,0.0,0.0,0.0,0.0,0.0,0.0,0.0,0.0,0.0,0.0,0.0,0.0,0.0,0.0,0.0,0.0,1.0,1.0,1.0
125,G,0.0,0.0,0.0,0.0,0.0,0.0,0.0,0.0,0.0,0.0,0.0,0.0,0.0,0.0,0.0,0.0,0.0,0.0,0.0,0.0,0.0,0.0,0.0,0.0,0.0,0.0,0.0,0.0,0.0,0.0,1.0,1.0,1.0
126,G,0.0,0.0,0.0,0.0,0.0,0.0,0.0,0.0,0.0,0.0,0.0,0.0,0.0,0.0,0.0,0.0,0.0,0.0,0.0,0.0,0.0,0.0,0.0,0.0,0.0,0.0,0.0,0.0,0.0,0.0,1.0,1.0,1.0
127,C,0.0,0.0,0.0,0.0,0.0,0.0,0.0,0.0,0.0,0.0,0.0,0.0,0.0,0.0,0.0,0.0,0.0,0.0,0.0,0.0,0.0,0.0,0.0,0.0,0.0,0.0,0.0,0.0,0.0,0.0,1.0,1.0,1.0
128,A,0.0,0.0,0.0,0.0,0.0,0.0,0.0,0.0,0.0,0.0,0.0,0.0,0.0,0.0,0.0,0.0,0.0,0.0,0.0,0.0,0.0,0.0,0.0,0.0,0.0,0.0,0.0,0.0,0.0,0.0,1.0,1.0,1.0
129,A,0.0,0.0,0.0,0.0,0.0,0.0,0.0,0.0,0.0,0.0,0.0,0.0,0.0,0.0,0.0,0.0,0.0,0.0,0.0,0.0,0.0,0.0,0.0,0.0,0.0,0.0,0.0,0.0,0.0,0.0,1.0,1.0,1.0
130,A,0.0,0.0,0.0,0.0,0.0,0.0,0.0,0.0,0.0,0.0,0.0,0.0,0.0,0.0,0.0,0.0,0.0,0.0,0.0,0.0,0.0,0.0,0.0,0.0,0.0,0.0,0.0,0.0,0.0,0.0,1.0,1.0,1.0
131,C,0.0,0.0,0.0,0.0,0.0,0.0,0.0,0.0,0.0,0.0,0.0,0.0,0.0,0.0,0.0,0.0,0.0,0.0,0.0,0.0,0.0,0.0,0.0,0.0,0.0,0.0,0.0,0.0,0.0,0.0,1.0,1.0,1.0
132,G,0.0,0.0,0.0,0.0,0.0,0.0,0.0,0.0,0.0,0.0,0.0,0.0,0.0,0.0,0.0,0.0,0.0,0.0,0.0,0.0,0.0,0.0,0.0,0.0,0.0,0.0,0.0,0.0,0.0,0.0,1.0,1.0,1.0
133,A,0.0,0.0,0.0,0.0,0.0,0.0,0.0,0.0,0.0,0.0,0.0,0.0,0.0,0.0,0.0,0.0,0.0,0.0,0.0,0.0,0.0,0.0,0.0,0.0,0.0,0.0,0.0,0.0,0.0,0.0,1.0,1.0,1.0
134,T,0.0,0.0,0.0,0.0,0.0,0.0,0.0,0.0,0.0,0.0,0.0,0.0,0.0,0.0,0.0,0.0,0.0,0.0,0.0,0.0,0.0,0.0,0.0,0.0,0.0,0.0,0.0,0.0,0.0,0.0,1.0,1.0,1.0
135,G,0.0,0.0,0.0,0.0,0.0,0.0,0.0,0.0,0.0,0.0,0.0,0.0,0.0,0.0,0.0,0.0,0.0,0.0,0.0,0.0,0.0,0.0,0.0,0.0,0.0,0.0,0.0,0.0,0.0,0.0,1.0,1.0,1.0
136,T,0.0,0.0,0.0,0.0,0.0,0.0,0.0,0.0,0.0,0.0,0.0,0.0,0.0,0.0,0.0,0.0,0.0,0.0,0.0,0.0,0.0,0.0,0.0,0.0,0.0,0.0,0.0,0.0,0.0,0.0,1.0,1.0,1.0
137,G,0.0,0.0,0.0,0.0,0.0,0.0,0.0,0.0,0.0,0.0,0.0,0.0,0.0,0.0,0.0,0.0,0.0,0.0,0.0,0.0,0.0,0.0,0.0,0.0,0.0,0.0,0.0,0.0,0.0,0.0,1.0,1.0,1.0
138,A,0.0,0.0,0.0,0.0,0.0,0.0,0.0,0.0,0.0,0.0,0.0,0.0,0.0,0.0,0.0,0.0,0.0,0.0,0.0,0.0,0.0,0.0,0.0,0.0,0.0,0.0,0.0,0.0,0.0,0.0,1.0,1.0,1.0
139,A,0.0,0.0,0.0,0.0,0.0,0.0,0.0,0.0,0.0,0.0,0.0,0.0,0.0,0.0,0.0,0.0,0.0,0.0,0.0,0.0,0.0,0.0,0.0,0.0,0.0,0.0,0.0,0.0,0.0,0.0,1.0,1.0,1.0
140,C,0.0,0.0,0.0,0.0,0.0,0.0,0.0,0.0,0.0,0.0,0.0,0.0,0.0,0.0,0.0,0.0,0.0,0.0,0.0,0.0,0.0,0.0,0.0,0.0,0.0,0.0,0.0,0.0,0.0,0.0,1.0,1.0,1.0
