K,,4,4,4,4
Cluster,,1,2,3,4
Position,Base,,,,
4,C,0.007178945782334458,0.007178945782334458,0.007178945782334458,0.007178945782334458
5,A,0.006309981367541262,0.006309981367541262,0.006309981367541262,0.006309981367541262
7,C,0.0028676035912741688,0.0028676035912741688,0.0028676035912741688,0.0028676035912741688
8,C,0.007512966652000172,0.007512966652000172,0.007512966652000172,0.007512966652000172
9,A,0.006799073916648453,0.006799073916648453,0.006799073916648453,0.04592418285011962
11,A,0.008558878939113961,0.008558878939113961,0.008558878939113961,0.022678570470993767
12,C,0.05584733498223738,0.05584733498223738,0.05584733498223738,0.025523699458191607
14,A,0.00379388907437462,0.00379388907437462,0.00379388907437462,0.002692634658288954
16,C,0.006283694227527053,0.006283694227527053,0.006283694227527053,0.016839732054953985
18,C,0.02078174347000789,0.02078174347000789,0.02078174347000789,0.006998554628349752
21,C,0.014242137726577493,0.014242137726577493,0.014242137726577493,0.0005233973825594404
24,C,0.0005768929809194272,0.0005768929809194272,0.0005768929809194272,0.003041195980528843
25,A,0.0018113565586278218,0.0018113565586278218,0.0018113565586278218,0.005147999219493465
26,C,0.030505736490109264,0.030505736490109264,0.030505736490109264,0.0038543861284744143
27,C,0.027964697363449007,0.027964697363449007,0.027964697363449007,0.0009369230211495085
28,A,0.023650889051181196,0.023650889051181196,0.023650889051181196,0.019465770348277848
29,A,0.021289864038850605,0.021289864038850605,0.021289864038850605,0.003423432423414261
32,A,0.0032822920065463594,0.0032822920065463594,0.0032822920065463594,5.7708479696635065e-05
35,C,0.013433102777738742,0.013433102777738742,0.013433102777738742,0.000505184045779437
39,A,0.007510865437358233,0.007510865437358233,0.007510865437358233,0.007270222299114218
41,C,0.0070140662238056374,0.0070140662238056374,0.0070140662238056374,0.03759061129915323
44,C,0.01178255250115531,0.01178255250115531,0.01178255250115531,0.06386323545765288
46,C,0.020126104466166292,0.020126104466166292,0.020126104466166292,0.053168661549900284
48,C,0.002506887345446195,0.002506887345446195,0.002506887345446195,0.0007349683807547272
49,A,0.009860799222446426,0.009860799222446426,0.009860799222446426,0.00020228812777144114
50,C,0.004095504174885555,0.004095504174885555,0.004095504174885555,0.0003609731387170018
52,C,0.007150337592463904,0.007150337592463904,0.007150337592463904,0.0010700667574412117
53,C,0.0016680470400034489,0.0016680470400034489,0.0016680470400034489,0.005332739949472491
54,C,0.0023417039823061016,0.0023417039823061016,0.0023417039823061016,0.0036719494401048227
55,A,0.016737920374332485,0.016737920374332485,0.016737920374332485,0.012402489963782728
57,A,0.008107857869445624,0.008107857869445624,0.008107857869445624,0.0405834760867558
61,A,0.039082181864400045,0.039082181864400045,0.039082181864400045,0.037710535039209514
67,A,0.018454309626156563,0.0068593536070689015,0.018454309626156563,0.042839936995746654
68,A,0.07242459391647085,0.011542355786803833,0.07242459391647085,0.048676095551535785
69,C,0.006232609631638586,0.009938118438274062,0.010231497962992074,0.06498874520847034
72,C,0.00017252652769409306,0.009796844989616754,0.00017252652769409306,0.00017252652769409306
74,A,0.0032852811637205694,0.004899766687453094,0.0032852811637205694,0.0032852811637205694
76,C,0.004546874754970916,0.0013940163340084855,0.004546874754970916,0.004546874754970916
80,C,0.028807533597136007,0.0030337704320506902,0.028807533597136007,0.028807533597136007
82,C,0.004019152064343575,0.021725119828614452,0.004019152064343575,0.004019152064343575
83,C,0.0046119725945392735,0.014951502958872608,0.0046119725945392735,0.0046119725945392735
85,C,0.013766745971372613,0.01103721534047774,0.013766745971372613,0.013766745971372613
86,A,0.03559717976822896,0.007905240225485968,0.03559717976822896,0.03559717976822896
87,A,0.023081474957568317,0.0033295783720366703,0.023081474957568317,0.023081474957568317
88,A,0.004897043733141148,0.0055882105365838396,0.004897043733141148,0.004897043733141148
89,C,0.01107391790142699,0.011349554666821844,0.01107391790142699,0.01107391790142699
97,A,0.01995908926449041,0.0019296321274394391,0.001608396690637854,0.042074723409963495
98,A,0.018686433656237404,0.013086242745994467,0.025310050199150058,0.043520534843717706
100,C,0.05854712299272842,0.0013063677834607055,0.0013993354558674773,0.02097160402423576
102,C,0.0035246852266191393,0.00787821835715666,0.0024937785644066216,0.00032890776820611913
103,C,0.005875904697021428,0.013428605369808156,0.0719510995676521,0.017065350778067555
104,C,0.005881620101158198,0.003913043573037356,0.04695898619464527,0.025361142474974153
105,A,0.007954165768127892,0.002750451736209418,0.01075094610370556,0.030771551254335065
106,C,0.0049197455787523235,0.011332768417374855,0.0027879115842296535,0.004158650142830918
107,A,0.05764606510726582,0.018491624937077657,0.0007455409115732,0.0024526022864682535
109,A,0.0011871344636537192,0.0101378899346183,0.01610446744053053,0.0002484708279374942
110,C,0.011118267513927757,0.027195101653648406,0.006521091056557707,0.021493308531238774
111,C,0.005645232999865899,0.021262305523756846,0.008543193983578065,0.041010751954949756
112,C,0.047348700524608586,0.008578391272901444,0.05390963847652003,0.0006867990111299659
113,C,0.008739780946170008,0.0054262485206939,0.008486643563750567,0.010108640169415154
116,A,0.016631149090112273,0.0371795030990714,0.006596723971385691,0.05345632618887591
118,C,0.010000909037424618,0.005314688826622668,0.016389845290002064,0.010000909037424618
125,A,8.079146241955635e-06,0.006587050049530902,0.0031374401979614836,8.079146241955635e-06
127,C,0.003861031541870955,0.02984273650760121,0.005853676270524053,0.003861031541870955
128,A,0.001342883469298926,0.0008153164985413577,0.051129282979150356,0.001342883469298926
130,C,0.0024762522098984016,0.059599034121216046,0.0003066160487565316,0.0024762522098984016
135,C,0.003551909078613116,0.043247162710962475,0.0016298859298161338,0.003551909078613116
137,A,0.005238865753296838,0.004019214282532957,0.0015280908301582175,0.005238865753296838
144,C,0.024058752621504944,0.0016586705167541042,0.012937300315916925,0.024058752621504944
145,A,0.013675491515261878,0.057695384674887724,0.030725271081129657,0.013675491515261878
146,C,0.07032157548986642,0.0033839607092214044,0.021641900952001882,0.07032157548986642
147,A,0.033579033921272206,0.053848534592241905,0.006794507607235177,0.033579033921272206
148,A,0.03469273130836395,0.015075330924275494,0.002764034963056424,0.03469273130836395
154,A,0.007652422435548924,0.006024845619287576,0.03395308490909575,0.007652422435548924
155,A,0.0061397678849714156,0.010482345799747795,0.054111974929413824,0.0061397678849714156
158,A,0.026419035741238658,0.0006998808698940943,0.0017430332014494053,0.026419035741238658
161,A,0.02275169971590829,0.01208206582611471,0.00386730781254706,0.02275169971590829
162,C,0.035323263357509085,0.001323593726369648,0.0075356572603028325,0.035323263357509085
165,A,0.005574028324303241,0.01316118744097808,0.01370501147601763,0.005574028324303241
166,C,0.021723702425020704,0.0027512464527705556,0.00041187633490382157,0.021723702425020704
168,C,0.006033050144240869,0.024515656986271228,0.007336248927455318,0.006033050144240869
170,C,0.00773210794510249,0.014209844227641757,0.024900174695820353,0.00773210794510249
172,C,0.0026860150383166822,0.0014255813220754717,0.010245542372602296,0.0026860150383166822
173,C,0.010954364322858672,0.019684908247397576,0.0010796882142012664,0.010954364322858672
174,A,0.0016023216353020485,0.0017119766128602767,0.00042161002695306315,0.0016023216353020485
176,C,0.012533490659046019,0.021877347416113847,0.005270660200710664,0.012533490659046019
177,A,0.027284874613874105,0.005476650878821215,0.04906133064458326,0.027284874613874105
178,C,0.0051752772769567265,0.0031783455975142125,0.009278619955267643,0.0051752772769567265
179,A,0.0051496588779546834,0.025729813504562424,0.015314233197224495,0.0051496588779546834
180,A,0.03111299282067812,0.07563867929775747,0.0342725318058115,0.03111299282067812
181,C,0.029588029565100968,0.01071775074031991,0.004279943328544151,0.029588029565100968
182,A,0.004618862796073012,0.01429362472403238,0.0029194532401051717,0.004618862796073012
187,C,0.01412467159620554,0.0020479521997772906,0.017472636534536283,0.01412467159620554
188,A,0.013518410326248793,0.016282232467824773,0.03463958685672719,0.013518410326248793
189,C,0.007723906224407957,0.024521874977030605,0.0050191152840293315,0.007723906224407957
192,A,0.012490239209047545,0.017645397022664648,0.010235920632557165,0.012490239209047545
197,C,0.01607617409836595,0.010153824419927111,0.005569568635431164,0.01607617409836595
199,A,0.0007636534696185796,0.07335768954821935,0.0026092576477920893,0.0007636534696185796
200,C,0.006037622337301021,0.004828393548087023,0.0017781394118752151,0.006037622337301021
202,C,0.003005247601576499,0.011048008643730838,0.00981123247181692,0.003005247601576499
204,C,0.01982805762177864,0.00015178421627316547,0.0015847806595639476,0.01982805762177864
205,C,0.003245532434742562,0.017046644958680798,0.004113778898896009,0.003245532434742562
206,A,0.008241366816718578,0.005439579513626249,0.008695899398268378,0.008241366816718578
207,A,0.02248787339586989,0.014471512147125587,0.008526219222614572,0.02248787339586989
210,A,0.01612646274586455,0.04045993616781826,0.0371504845891741,0.01612646274586455
211,C,0.02334244312303418,0.04315527803123397,0.04004434342655131,0.02334244312303418
212,A,0.01779171168038555,0.0524570530490079,0.006986822459725705,0.01779171168038555
213,A,0.011335058008018706,0.007439549594420335,0.09640873376752841,0.011335058008018706
219,A,0.03755610177661985,0.01757176949954161,0.017151504229083583,0.03755610177661985
220,A,0.029830284500539296,0.009769777181892151,0.017418112136819687,0.029830284500539296
223,C,0.009342990807302208,0.010698290732236788,0.04626181364785395,0.009342990807302208
224,C,0.005411456402337883,0.013520937325551052,0.007984613028938426,0.005411456402337883
226,A,0.008256482747179229,0.005907480282211433,0.005907480282211433,0.008256482747179229
232,C,0.045861404445426676,0.023709179135646276,0.023709179135646276,0.045861404445426676
234,A,0.02674500813182939,0.0034697816319815156,0.0034697816319815156,0.02674500813182939
236,C,0.008194781334745804,0.013576771380500962,0.013576771380500962,0.008194781334745804
238,C,0.02389418625392752,0.03472455289724782,0.0010959715113082079,0.02389418625392752
239,A,0.002418125260082161,0.0008265856225564327,0.030906536305331363,0.030420820979134584
240,A,0.004266605454204448,0.005244767932053834,0.005244767932053834,0.005244767932053834
241,C,0.01097474745569132,0.002515490611752299,0.002515490611752299,0.002515490611752299
243,C,0.005468618928386808,0.020532338755699923,0.020532338755699923,0.020532338755699923
244,A,0.00044046675413125243,0.004413605811837461,0.004413605811837461,0.004413605811837461
245,A,0.028375828509149735,0.0345450886729422,0.0345450886729422,0.0345450886729422
246,A,0.09853463580163485,0.0023054166311428327,0.0023054166311428327,0.0023054166311428327
251,A,0.017116696414916435,0.03035845537012022,0.018933060419837625,0.03799385512037253
252,C,0.03398863998030955,0.023541763147692168,0.002389263491921167,0.02145344886260725
255,A,0.0193676615775076,0.016556899753929655,0.028610489441746764,0.0009538581462745987
256,C,0.06921055242329721,0.0016832180689563799,0.06921055242329721,0.011629668705339175
258,C,0.006728401823648782,0.0005136526967844716,0.006728401823648782,0.0008748273247309137
259,C,0.0474749108900805,0.04478302837027958,0.0474749108900805,0.047206256200409115
260,A,0.006739443934104549,0.05584690362988222,0.006739443934104549,0.025010572888550547
261,A,0.010888581611386536,0.010888581611386536,0.010888581611386536,0.016542869061322327
262,C,0.00271487546436263,0.00271487546436263,0.00271487546436263,0.002963068418922915
263,A,0.02607011492677988,0.02607011492677988,0.02607011492677988,0.0027143564368874423
265,A,0.0170429586171824,0.0170429586171824,0.0170429586171824,0.020115703714847208
269,A,0.023693297500251793,0.023693297500251793,0.023693297500251793,0.006046899511410249
274,C,0.023149022445442296,0.023149022445442296,0.023149022445442296,0.0054884248102491425
275,C,0.0291039489820954,0.0291039489820954,0.0291039489820954,0.03054963675552164
276,A,0.011212851433688083,0.011212851433688083,0.011212851433688083,0.005490425464949267
277,C,0.007115596625770907,0.007115596625770907,0.007115596625770907,0.019956180500570977
279,C,0.027742369092201236,0.027742369092201236,0.027742369092201236,0.009840906175462053
281,C,0.039045076540006,0.039045076540006,0.039045076540006,0.011471892649097454
282,A,0.0298859740444403,0.0298859740444403,0.0298859740444403,0.0049342208371587455
285,C,0.01616660021751371,0.01616660021751371,0.01616660021751371,0.010588928210608858
289,A,0.001190284595305993,0.001190284595305993,0.001190284595305993,0.016180748333818898
290,C,0.001751540567195397,0.001751540567195397,0.001751540567195397,0.0029859925360290252
291,C,0.0020240649302886993,0.0020240649302886993,0.0020240649302886993,0.019512132242287313
292,A,0.003947543716336958,0.003947543716336958,0.003947543716336958,0.028429494317649674
295,C,0.01793342759890094,0.01793342759890094,0.01793342759890094,0.03877301811884437
296,A,0.05360866015377026,0.05360866015377026,0.05360866015377026,0.01816773987160832
297,A,0.014164606883288649,0.014164606883288649,0.014164606883288649,0.011558169666246022
300,A,0.005441291074825898,0.005441291074825898,0.005441291074825898,0.014769116005303888
301,C,0.040794549167243226,0.040794549167243226,0.040794549167243226,0.003105410353363643
302,C,0.007614610415050617,0.007614610415050617,0.007614610415050617,0.007429591112737912
303,A,0.005761821052884105,0.005761821052884105,0.005761821052884105,0.009482249174046779
304,A,0.015202453418040522,0.015202453418040522,0.015202453418040522,0.04482469051112442
307,A,0.004096528554963349,0.004096528554963349,0.004096528554963349,0.055904914542010645
308,A,0.00015021750074484198,0.00015021750074484198,0.00015021750074484198,0.024124181078785098
312,A,0.000820731281611276,0.000820731281611276,0.000820731281611276,0.038410591159166174
315,A,0.001550993983228355,0.001550993983228355,0.001550993983228355,0.027886664626418953
317,C,0.012958477899241896,0.012958477899241896,0.012958477899241896,0.011718799313218793
318,A,0.006290267432214852,0.006290267432214852,0.006290267432214852,0.042903449736234466
320,A,0.07067609975591808,0.07067609975591808,0.07067609975591808,0.030639868242815203
321,A,0.009570290431561709,0.009570290431561709,0.009570290431561709,0.02283419476872476
322,A,0.015589404217334114,0.015589404217334114,0.015589404217334114,0.03535962474516568
323,C,0.007690538386947974,0.007690538386947974,0.007690538386947974,0.004005917011496938
324,C,0.04397032248932772,0.04397032248932772,0.04397032248932772,0.037699190330477375
327,A,0.01692310021831032,0.01692310021831032,0.01692310021831032,0.007030297801371653
328,A,0.044812954904526844,0.044812954904526844,0.044812954904526844,0.00914651251341562
330,C,0.005341953710226643,0.005341953710226643,0.005341953710226643,0.005553946779718556
331,C,0.008775240209697551,0.008775240209697551,0.008775240209697551,0.015801900075054675
336,C,0.003571413869226038,0.003571413869226038,0.003571413869226038,0.00785187198646815
337,A,0.00472344755550737,0.00472344755550737,0.00472344755550737,0.00870212856211135
338,A,0.07084962467574756,0.07084962467574756,0.07084962467574756,0.02038093288542775
339,C,0.004374834099197548,0.004374834099197548,0.004374834099197548,0.030308045597863587
343,A,0.03523259142299958,0.03523259142299958,0.03523259142299958,0.010626628431336525
344,A,0.01754953134016706,0.01754953134016706,0.01754953134016706,0.015871993948532802
346,C,0.05806392703094988,0.05806392703094988,0.05806392703094988,0.018940637942530824
348,A,0.008045467831980667,0.008045467831980667,0.008045467831980667,0.019208799555013128
349,C,1.4348105966335263e-06,1.4348105966335263e-06,1.4348105966335263e-06,0.005776399476913503
350,C,0.0037271500066995266,0.0037271500066995266,0.0037271500066995266,0.026206857945785
355,C,0.044736906770215044,0.044736906770215044,0.044736906770215044,0.014798962052722115
357,A,0.028981367592348716,0.028981367592348716,0.028981367592348716,0.027730769337649862
358,C,0.024034892877089285,0.024034892877089285,0.024034892877089285,0.024034892877089285
359,A,0.020720599475781965,0.020720599475781965,0.020720599475781965,0.020720599475781965
360,C,0.012846660947429195,0.012846660947429195,0.012846660947429195,0.012846660947429195
362,A,0.017167336125906558,0.017167336125906558,0.017167336125906558,0.017167336125906558
364,A,0.0238443325291393,0.0238443325291393,0.0238443325291393,0.0238443325291393
365,A,0.03126122126126644,0.03126122126126644,0.03126122126126644,0.03126122126126644
368,A,0.002298485989763367,0.002298485989763367,0.002298485989763367,0.002298485989763367
369,A,0.028645213474902936,0.028645213474902936,0.028645213474902936,0.028645213474902936
370,C,0.009256194857276098,0.009256194857276098,0.009256194857276098,0.009256194857276098
377,C,0.028146289542173384,0.028146289542173384,0.028146289542173384,0.012593757035307244
378,A,0.01035047501124102,0.01035047501124102,0.01035047501124102,0.0011646471026531986
379,C,0.012847577063707134,0.012847577063707134,0.012847577063707134,0.005858368386738184
380,A,0.005042489349092182,0.005042489349092182,0.005042489349092182,0.025148210857894062
389,A,0.000644905413192999,0.000644905413192999,0.000644905413192999,0.02624093909939243
390,A,0.01296544300141493,0.01296544300141493,0.01296544300141493,0.01191771886988512
392,A,0.012237147001922608,0.012237147001922608,0.012237147001922608,0.03942805997184931
393,C,0.000183633249799592,0.000183633249799592,0.000183633249799592,0.004145175506570165
396,A,0.006750366453775829,0.006750366453775829,0.006750366453775829,0.001978279604432781
402,A,0.017121773787822845,0.017121773787822845,0.017121773787822845,0.01279193805215415
403,A,0.028673026422043488,0.028673026422043488,0.028673026422043488,0.02152472863041283
404,A,0.022648269217868174,0.022648269217868174,0.022648269217868174,0.0004726865472136552
406,C,0.02658279169734408,0.02658279169734408,0.02658279169734408,0.00010454598314833436
407,A,0.006927287610317762,0.006927287610317762,0.006927287610317762,0.09045394190251635
412,A,0.008986288121601646,0.008986288121601646,0.008986288121601646,0.006450181873137559
414,C,0.043370245642964586,0.043370245642964586,0.043370245642964586,0.012230015221285523
417,A,0.0026299987947565103,0.0026299987947565103,0.0026299987947565103,0.0026299987947565103
419,A,0.01856584163077962,0.01856584163077962,0.01856584163077962,0.01856584163077962
420,C,0.02620184505004109,0.02620184505004109,0.02620184505004109,0.02620184505004109
